Anchore Raw,Anchore Unique,Vuls Raw,Vuls Unique,Anchore to Vuls Matching,Vuls to Anchore Matching,Common Vulnerabilities,Anchore Unmatched,Vuls Unmatched,Total,Anchore Coverage,Vuls Coverage
CVE-2011-2907,CVE-2011-2907,CVE-2011-5325,CVE-2011-5325,#N/A,2,601,278,112,991,88.69828456,71.94752775
CVE-2011-5325,CVE-2011-5325,CVE-2012-0039,CVE-2012-0039,1,3,601,,,,,
CVE-2012-0039,CVE-2012-0039,CVE-2012-1093,CVE-2012-1093,2,4,,,,,,
CVE-2012-0039,CVE-2012-1093,CVE-2013-0157,CVE-2013-0157,3,5,,,,,,
CVE-2012-1093,CVE-2013-0157,CVE-2013-1424,CVE-2013-1424,4,6,,,,,,
CVE-2013-0157,CVE-2013-1424,CVE-2013-4235,CVE-2013-4235,5,7,,,,,,
CVE-2013-0157,CVE-2013-4235,CVE-2013-4289,CVE-2013-4289,6,8,,,,,,
CVE-2013-0157,CVE-2013-4289,CVE-2013-4290,CVE-2013-4290,7,9,,,,,,
CVE-2013-0157,CVE-2013-4290,CVE-2013-6053,CVE-2013-6053,8,10,,,,,,
CVE-2013-0157,CVE-2013-6053,CVE-2013-6887,CVE-2013-6887,9,11,,,,,,
CVE-2013-1424,CVE-2013-6887,CVE-2014-0459,CVE-2014-0459,10,18,,,,,,
CVE-2013-1424,CVE-2013-7377,CVE-2014-0749,CVE-2014-0749,#N/A,19,,,,,,
CVE-2013-4235,CVE-2013-7378,CVE-2014-1858,CVE-2014-1858,#N/A,20,,,,,,
CVE-2013-4235,CVE-2013-7380,CVE-2014-1859,CVE-2014-1859,#N/A,21,,,,,,
CVE-2013-4289,CVE-2013-7381,CVE-2014-2893,CVE-2014-2893,#N/A,23,,,,,,
CVE-2013-4290,CVE-2013-7445,CVE-2014-3684,CVE-2014-3684,#N/A,#N/A,,,,,,
CVE-2013-6053,CVE-2014-0177,CVE-2014-5044,CVE-2014-5044,#N/A,28,,,,,,
CVE-2013-6887,CVE-2014-0459,CVE-2014-7933,CVE-2014-7933,11,29,,,,,,
CVE-2013-7377,CVE-2014-0749,CVE-2014-7945,CVE-2014-7945,12,30,,,,,,
CVE-2013-7378,CVE-2014-1858,CVE-2014-7947,CVE-2014-7947,13,31,,,,,,
CVE-2013-7380,CVE-2014-1859,CVE-2014-8541,CVE-2014-8541,14,32,,,,,,
CVE-2013-7381,CVE-2014-2667,CVE-2014-8625,CVE-2014-8625,#N/A,33,,,,,,
CVE-2013-7445,CVE-2014-2893,CVE-2014-9092,CVE-2014-9092,15,34,,,,,,
CVE-2014-0177,CVE-2014-3741,CVE-2014-9114,CVE-2014-9114,#N/A,35,,,,,,
CVE-2014-0459,CVE-2014-3743,CVE-2014-9474,CVE-2014-9474,#N/A,36,,,,,,
CVE-2014-0749,CVE-2014-3744,CVE-2014-9601,CVE-2014-9601,#N/A,37,,,,,,
CVE-2014-1858,CVE-2014-4610,CVE-2014-9620,CVE-2014-9620,#N/A,#N/A,,,,,,
CVE-2014-1859,CVE-2014-5044,CVE-2014-9621,CVE-2014-9621,17,#N/A,,,,,,
CVE-2014-2667,CVE-2014-7933,CVE-2014-9645,CVE-2014-9645,18,38,,,,,,
CVE-2014-2667,CVE-2014-7945,CVE-2014-9653,CVE-2014-9653,19,#N/A,,,,,,
CVE-2014-2667,CVE-2014-7947,CVE-2014-9676,CVE-2014-9676,20,39,,,,,,
CVE-2014-2667,CVE-2014-8541,CVE-2014-9761,CVE-2014-9761,21,40,,,,,,
CVE-2014-2893,CVE-2014-8625,CVE-2014-9911,CVE-2014-9911,22,42,,,,,,
CVE-2014-3741,CVE-2014-9092,CVE-2014-9913,CVE-2014-9913,23,43,,,,,,
CVE-2014-3743,CVE-2014-9114,CVE-2014-9939,CVE-2014-9939,24,44,,,,,,
CVE-2014-3744,CVE-2014-9474,CVE-2014-9984,CVE-2014-9984,25,46,,,,,,
CVE-2014-4610,CVE-2014-9601,CVE-2015-0245,CVE-2015-0245,26,47,,,,,,
CVE-2014-4610,CVE-2014-9645,CVE-2015-1273,CVE-2015-1273,29,48,,,,,,
CVE-2014-4610,CVE-2014-9676,CVE-2015-2305,CVE-2015-2305,31,#N/A,,,,,,
CVE-2014-4610,CVE-2014-9761,CVE-2015-3395,CVE-2015-3395,32,53,,,,,,
CVE-2014-5044,CVE-2014-9900,CVE-2015-3417,CVE-2015-3417,#N/A,54,,,,,,
CVE-2014-5044,CVE-2014-9911,CVE-2015-4844,CVE-2015-4844,33,55,,,,,,
CVE-2014-5044,CVE-2014-9913,CVE-2015-5180,CVE-2015-5180,34,56,,,,,,
CVE-2014-5044,CVE-2014-9939,CVE-2015-5186,CVE-2015-5186,35,57,,,,,,
CVE-2014-5044,CVE-2014-9940,CVE-2015-5203,CVE-2015-5203,#N/A,58,,,,,,
CVE-2014-5044,CVE-2014-9984,CVE-2015-5221,CVE-2015-5221,36,59,,,,,,
CVE-2014-5044,CVE-2015-0245,CVE-2015-5276,CVE-2015-5276,37,60,,,,,,
CVE-2014-5044,CVE-2015-1273,CVE-2015-5297,CVE-2015-5297,38,#N/A,,,,,,
CVE-2014-5044,CVE-2015-1350,CVE-2015-5479,CVE-2015-5479,#N/A,62,,,,,,
CVE-2014-5044,CVE-2015-1872,CVE-2015-5602,CVE-2015-5602,#N/A,63,,,,,,
CVE-2014-5044,CVE-2015-2296,CVE-2015-7313,CVE-2015-7313,#N/A,66,,,,,,
CVE-2014-5044,CVE-2015-2877,CVE-2015-7554,CVE-2015-7554,#N/A,68,,,,,,
CVE-2014-5044,CVE-2015-3395,CVE-2015-7995,CVE-2015-7995,40,69,,,,,,
CVE-2014-5044,CVE-2015-3417,CVE-2015-8239,CVE-2015-8239,41,70,,,,,,
CVE-2014-7933,CVE-2015-4844,CVE-2015-8270,CVE-2015-8270,42,71,,,,,,
CVE-2014-7933,CVE-2015-5180,CVE-2015-8271,CVE-2015-8271,43,72,,,,,,
CVE-2014-7933,CVE-2015-5186,CVE-2015-8272,CVE-2015-8272,44,73,,,,,,
CVE-2014-7933,CVE-2015-5203,CVE-2015-8629,CVE-2015-8629,45,75,,,,,,
CVE-2014-7945,CVE-2015-5221,CVE-2015-8630,CVE-2015-8630,46,76,,,,,,
CVE-2014-7947,CVE-2015-5276,CVE-2015-8631,CVE-2015-8631,47,77,,,,,,
CVE-2014-8541,CVE-2015-5380,CVE-2015-8668,CVE-2015-8668,#N/A,78,,,,,,
CVE-2014-8541,CVE-2015-5479,CVE-2015-8853,CVE-2015-8853,49,80,,,,,,
CVE-2014-8541,CVE-2015-5602,CVE-2015-8865,CVE-2015-8865,50,#N/A,,,,,,
CVE-2014-8541,CVE-2015-6761,CVE-2015-8982,CVE-2015-8982,#N/A,90,,,,,,
CVE-2014-8625,CVE-2015-6820,CVE-2015-8983,CVE-2015-8983,#N/A,91,,,,,,
CVE-2014-9092,CVE-2015-7313,CVE-2015-8984,CVE-2015-8984,51,92,,,,,,
CVE-2014-9114,CVE-2015-7384,CVE-2015-8985,CVE-2015-8985,#N/A,93,,,,,,
CVE-2014-9114,CVE-2015-7554,CVE-2015-9019,CVE-2015-9019,52,95,,,,,,
CVE-2014-9114,CVE-2015-7995,CVE-2015-9099,CVE-2015-9099,53,96,,,,,,
CVE-2014-9114,CVE-2015-8239,CVE-2015-9100,CVE-2015-9100,54,97,,,,,,
CVE-2014-9114,CVE-2015-8270,CVE-2015-9101,CVE-2015-9101,55,98,,,,,,
CVE-2014-9474,CVE-2015-8271,CVE-2015-9262,CVE-2015-9262,56,#N/A,,,,,,
CVE-2014-9601,CVE-2015-8272,CVE-2015-9274,CVE-2015-9274,57,#N/A,,,,,,
CVE-2014-9601,CVE-2015-8553,CVE-2016-0494,CVE-2016-0494,#N/A,99,,,,,,
CVE-2014-9645,CVE-2015-8629,CVE-2016-0634,CVE-2016-0634,58,100,,,,,,
CVE-2014-9676,CVE-2015-8630,CVE-2016-0772,CVE-2016-0772,59,101,,,,,,
CVE-2014-9676,CVE-2015-8631,CVE-2016-1000110,CVE-2016-1000110,60,102,,,,,,
CVE-2014-9676,CVE-2015-8668,CVE-2016-10087,CVE-2016-10087,61,104,,,,,,
CVE-2014-9676,CVE-2015-8839,CVE-2016-10092,CVE-2016-10092,#N/A,106,,,,,,
CVE-2014-9761,CVE-2015-8853,CVE-2016-10093,CVE-2016-10093,62,107,,,,,,
CVE-2014-9761,CVE-2015-8944,CVE-2016-10094,CVE-2016-10094,#N/A,108,,,,,,
CVE-2014-9761,CVE-2015-8952,CVE-2016-10164,CVE-2016-10164,#N/A,#N/A,,,,,,
CVE-2014-9761,CVE-2015-8955,CVE-2016-10165,CVE-2016-10165,#N/A,110,,,,,,
CVE-2014-9761,CVE-2015-8962,CVE-2016-10166,CVE-2016-10166,#N/A,111,,,,,,
CVE-2014-9900,CVE-2015-8963,CVE-2016-10167,CVE-2016-10167,#N/A,112,,,,,,
CVE-2014-9911,CVE-2015-8964,CVE-2016-10168,CVE-2016-10168,#N/A,113,,,,,,
CVE-2014-9913,CVE-2015-8966,CVE-2016-10169,CVE-2016-10169,#N/A,114,,,,,,
CVE-2014-9939,CVE-2015-8967,CVE-2016-10198,CVE-2016-10198,#N/A,117,,,,,,
CVE-2014-9940,CVE-2015-8970,CVE-2016-10199,CVE-2016-10199,#N/A,118,,,,,,
CVE-2014-9984,CVE-2015-8982,CVE-2016-10228,CVE-2016-10228,64,121,,,,,,
CVE-2014-9984,CVE-2015-8983,CVE-2016-10244,CVE-2016-10244,65,122,,,,,,
CVE-2014-9984,CVE-2015-8984,CVE-2016-10248,CVE-2016-10248,66,123,,,,,,
CVE-2014-9984,CVE-2015-8985,CVE-2016-10249,CVE-2016-10249,67,124,,,,,,
CVE-2014-9984,CVE-2015-9016,CVE-2016-10250,CVE-2016-10250,#N/A,#N/A,,,,,,
CVE-2015-0245,CVE-2015-9019,CVE-2016-10251,CVE-2016-10251,68,125,,,,,,
CVE-2015-1273,CVE-2015-9099,CVE-2016-10254,CVE-2016-10254,69,126,,,,,,
CVE-2015-1350,CVE-2015-9100,CVE-2016-10255,CVE-2016-10255,70,127,,,,,,
CVE-2015-1872,CVE-2015-9101,CVE-2016-10266,CVE-2016-10266,71,128,,,,,,
CVE-2015-1872,CVE-2016-0494,CVE-2016-10267,CVE-2016-10267,74,129,,,,,,
CVE-2015-1872,CVE-2016-0634,CVE-2016-10268,CVE-2016-10268,75,130,,,,,,
CVE-2015-1872,CVE-2016-0772,CVE-2016-10269,CVE-2016-10269,76,131,,,,,,
CVE-2015-2296,CVE-2016-1000110,CVE-2016-10271,CVE-2016-10271,77,132,,,,,,
CVE-2015-2877,CVE-2016-10044,CVE-2016-10272,CVE-2016-10272,#N/A,133,,,,,,
CVE-2015-3395,CVE-2016-10087,CVE-2016-10328,CVE-2016-10328,78,134,,,,,,
CVE-2015-3395,CVE-2016-10088,CVE-2016-10371,CVE-2016-10371,#N/A,135,,,,,,
CVE-2015-3395,CVE-2016-10092,CVE-2016-1234,CVE-2016-1234,79,136,,,,,,
CVE-2015-3395,CVE-2016-10093,CVE-2016-1248,CVE-2016-1248,80,#N/A,,,,,,
CVE-2015-3417,CVE-2016-10094,CVE-2016-1252,CVE-2016-1252,81,137,,,,,,
CVE-2015-3417,CVE-2016-10147,CVE-2016-1683,CVE-2016-1683,#N/A,138,,,,,,
CVE-2015-3417,CVE-2016-10165,CVE-2016-1684,CVE-2016-1684,83,139,,,,,,
CVE-2015-3417,CVE-2016-10166,CVE-2016-1841,CVE-2016-1841,84,140,,,,,,
CVE-2015-4844,CVE-2016-10167,CVE-2016-1867,CVE-2016-1867,85,141,,,,,,
CVE-2015-5180,CVE-2016-10168,CVE-2016-1897,CVE-2016-1897,86,#N/A,,,,,,
CVE-2015-5180,CVE-2016-10169,CVE-2016-1898,CVE-2016-1898,87,#N/A,,,,,,
CVE-2015-5180,CVE-2016-10190,CVE-2016-2086,CVE-2016-2086,#N/A,#N/A,,,,,,
CVE-2015-5180,CVE-2016-10192,CVE-2016-2089,CVE-2016-2089,#N/A,142,,,,,,
CVE-2015-5180,CVE-2016-10198,CVE-2016-2090,CVE-2016-2090,88,143,,,,,,
CVE-2015-5186,CVE-2016-10199,CVE-2016-2147,CVE-2016-2147,89,144,,,,,,
CVE-2015-5186,CVE-2016-10200,CVE-2016-2148,CVE-2016-2148,#N/A,145,,,,,,
CVE-2015-5203,CVE-2016-10208,CVE-2016-2177,CVE-2016-2177,#N/A,146,,,,,,
CVE-2015-5221,CVE-2016-10228,CVE-2016-2216,CVE-2016-2216,90,#N/A,,,,,,
CVE-2015-5276,CVE-2016-10244,CVE-2016-2226,CVE-2016-2226,91,147,,,,,,
CVE-2015-5276,CVE-2016-10248,CVE-2016-2326,CVE-2016-2326,92,#N/A,,,,,,
CVE-2015-5276,CVE-2016-10249,CVE-2016-2774,CVE-2016-2774,93,148,,,,,,
CVE-2015-5276,CVE-2016-10251,CVE-2016-2781,CVE-2016-2781,95,149,,,,,,
CVE-2015-5276,CVE-2016-10254,CVE-2016-3062,CVE-2016-3062,96,#N/A,,,,,,
CVE-2015-5276,CVE-2016-10255,CVE-2016-3119,CVE-2016-3119,97,150,,,,,,
CVE-2015-5276,CVE-2016-10266,CVE-2016-3120,CVE-2016-3120,98,151,,,,,,
CVE-2015-5276,CVE-2016-10267,CVE-2016-3186,CVE-2016-3186,99,152,,,,,,
CVE-2015-5276,CVE-2016-10268,CVE-2016-3189,CVE-2016-3189,100,153,,,,,,
CVE-2015-5276,CVE-2016-10269,CVE-2016-3190,CVE-2016-3190,101,154,,,,,,
CVE-2015-5276,CVE-2016-10271,CVE-2016-3616,CVE-2016-3616,102,155,,,,,,
CVE-2015-5276,CVE-2016-10272,CVE-2016-3622,CVE-2016-3622,103,156,,,,,,
CVE-2015-5276,CVE-2016-10328,CVE-2016-3623,CVE-2016-3623,104,157,,,,,,
CVE-2015-5276,CVE-2016-10371,CVE-2016-3624,CVE-2016-3624,105,158,,,,,,
CVE-2015-5380,CVE-2016-1234,CVE-2016-3632,CVE-2016-3632,106,159,,,,,,
CVE-2015-5479,CVE-2016-1252,CVE-2016-3658,CVE-2016-3658,108,160,,,,,,
CVE-2015-5479,CVE-2016-1683,CVE-2016-3706,CVE-2016-3706,109,162,,,,,,
CVE-2015-5479,CVE-2016-1684,CVE-2016-3945,CVE-2016-3945,110,163,,,,,,
CVE-2015-5479,CVE-2016-1841,CVE-2016-3990,CVE-2016-3990,111,164,,,,,,
CVE-2015-5602,CVE-2016-1867,CVE-2016-3991,CVE-2016-3991,112,165,,,,,,
CVE-2015-6761,CVE-2016-2089,CVE-2016-4330,CVE-2016-4330,116,#N/A,,,,,,
CVE-2015-6761,CVE-2016-2090,CVE-2016-4331,CVE-2016-4331,117,#N/A,,,,,,
CVE-2015-6761,CVE-2016-2147,CVE-2016-4332,CVE-2016-4332,118,#N/A,,,,,,
CVE-2015-6761,CVE-2016-2148,CVE-2016-4333,CVE-2016-4333,119,#N/A,,,,,,
CVE-2015-6820,CVE-2016-2177,CVE-2016-4429,CVE-2016-4429,120,166,,,,,,
CVE-2015-6820,CVE-2016-2226,CVE-2016-4448,CVE-2016-4448,122,167,,,,,,
CVE-2015-6820,CVE-2016-2774,CVE-2016-4607,CVE-2016-4607,124,168,,,,,,
CVE-2015-6820,CVE-2016-2781,CVE-2016-4608,CVE-2016-4608,125,169,,,,,,
CVE-2015-7313,CVE-2016-3119,CVE-2016-4609,CVE-2016-4609,127,170,,,,,,
CVE-2015-7384,CVE-2016-3120,CVE-2016-4610,CVE-2016-4610,128,171,,,,,,
CVE-2015-7554,CVE-2016-3186,CVE-2016-4612,CVE-2016-4612,129,172,,,,,,
CVE-2015-7995,CVE-2016-3189,CVE-2016-4658,CVE-2016-4658,130,173,,,,,,
CVE-2015-8239,CVE-2016-3190,CVE-2016-4738,CVE-2016-4738,131,174,,,,,,
CVE-2015-8270,CVE-2016-3616,CVE-2016-5011,CVE-2016-5011,132,175,,,,,,
CVE-2015-8271,CVE-2016-3622,CVE-2016-5102,CVE-2016-5102,133,176,,,,,,
CVE-2015-8272,CVE-2016-3623,CVE-2016-5131,CVE-2016-5131,134,177,,,,,,
CVE-2015-8553,CVE-2016-3624,CVE-2016-5139,CVE-2016-5139,135,178,,,,,,
CVE-2015-8629,CVE-2016-3632,CVE-2016-5158,CVE-2016-5158,136,179,,,,,,
CVE-2015-8629,CVE-2016-3658,CVE-2016-5159,CVE-2016-5159,137,180,,,,,,
CVE-2015-8629,CVE-2016-3695,CVE-2016-5314,CVE-2016-5314,#N/A,181,,,,,,
CVE-2015-8629,CVE-2016-3706,CVE-2016-5315,CVE-2016-5315,138,182,,,,,,
CVE-2015-8629,CVE-2016-3945,CVE-2016-5316,CVE-2016-5316,139,183,,,,,,
CVE-2015-8630,CVE-2016-3990,CVE-2016-5317,CVE-2016-5317,140,184,,,,,,
CVE-2015-8630,CVE-2016-3991,CVE-2016-5318,CVE-2016-5318,141,185,,,,,,
CVE-2015-8630,CVE-2016-4429,CVE-2016-5319,CVE-2016-5319,146,186,,,,,,
CVE-2015-8630,CVE-2016-4448,CVE-2016-5321,CVE-2016-5321,147,187,,,,,,
CVE-2015-8630,CVE-2016-4607,CVE-2016-5322,CVE-2016-5322,148,188,,,,,,
CVE-2015-8631,CVE-2016-4608,CVE-2016-5323,CVE-2016-5323,149,189,,,,,,
CVE-2015-8631,CVE-2016-4609,CVE-2016-5407,CVE-2016-5407,150,191,,,,,,
CVE-2015-8631,CVE-2016-4610,CVE-2016-5636,CVE-2016-5636,151,192,,,,,,
CVE-2015-8631,CVE-2016-4612,CVE-2016-5652,CVE-2016-5652,152,193,,,,,,
CVE-2015-8631,CVE-2016-4658,CVE-2016-5699,CVE-2016-5699,153,194,,,,,,
CVE-2015-8668,CVE-2016-4738,CVE-2016-6153,CVE-2016-6153,154,#N/A,,,,,,
CVE-2015-8839,CVE-2016-5011,CVE-2016-6185,CVE-2016-6185,155,196,,,,,,
CVE-2015-8853,CVE-2016-5102,CVE-2016-6223,CVE-2016-6223,156,199,,,,,,
CVE-2015-8853,CVE-2016-5131,CVE-2016-6252,CVE-2016-6252,157,#N/A,,,,,,
CVE-2015-8853,CVE-2016-5139,CVE-2016-6293,CVE-2016-6293,158,200,,,,,,
CVE-2015-8944,CVE-2016-5158,CVE-2016-6321,CVE-2016-6321,159,201,,,,,,
CVE-2015-8952,CVE-2016-5159,CVE-2016-6323,CVE-2016-6323,160,202,,,,,,
CVE-2015-8955,CVE-2016-5314,CVE-2016-6866,CVE-2016-6866,161,205,,,,,,
CVE-2015-8962,CVE-2016-5315,CVE-2016-6906,CVE-2016-6906,162,206,,,,,,
CVE-2015-8963,CVE-2016-5316,CVE-2016-6912,CVE-2016-6912,163,207,,,,,,
CVE-2015-8964,CVE-2016-5317,CVE-2016-7032,CVE-2016-7032,164,208,,,,,,
CVE-2015-8966,CVE-2016-5318,CVE-2016-7056,CVE-2016-7056,165,209,,,,,,
CVE-2015-8967,CVE-2016-5319,CVE-2016-7076,CVE-2016-7076,166,210,,,,,,
CVE-2015-8970,CVE-2016-5321,CVE-2016-7098,CVE-2016-7098,167,212,,,,,,
CVE-2015-8982,CVE-2016-5322,CVE-2016-7099,CVE-2016-7099,168,#N/A,,,,,,
CVE-2015-8982,CVE-2016-5323,CVE-2016-7141,CVE-2016-7141,169,213,,,,,,
CVE-2015-8982,CVE-2016-5325,CVE-2016-7163,CVE-2016-7163,#N/A,214,,,,,,
CVE-2015-8982,CVE-2016-5407,CVE-2016-7167,CVE-2016-7167,170,215,,,,,,
CVE-2015-8982,CVE-2016-5636,CVE-2016-7393,CVE-2016-7393,171,216,,,,,,
CVE-2015-8983,CVE-2016-5652,CVE-2016-7415,CVE-2016-7415,172,217,,,,,,
CVE-2015-8983,CVE-2016-5699,CVE-2016-7424,CVE-2016-7424,173,218,,,,,,
CVE-2015-8983,CVE-2016-5863,CVE-2016-7426,CVE-2016-7426,#N/A,#N/A,,,,,,
CVE-2015-8983,CVE-2016-6185,CVE-2016-7427,CVE-2016-7427,175,#N/A,,,,,,
CVE-2015-8983,CVE-2016-6197,CVE-2016-7428,CVE-2016-7428,#N/A,#N/A,,,,,,
CVE-2015-8984,CVE-2016-6198,CVE-2016-7429,CVE-2016-7429,#N/A,#N/A,,,,,,
CVE-2015-8984,CVE-2016-6223,CVE-2016-7543,CVE-2016-7543,176,221,,,,,,
CVE-2015-8984,CVE-2016-6293,CVE-2016-7942,CVE-2016-7942,178,224,,,,,,
CVE-2015-8984,CVE-2016-6321,CVE-2016-7943,CVE-2016-7943,179,225,,,,,,
CVE-2015-8984,CVE-2016-6323,CVE-2016-7944,CVE-2016-7944,180,226,,,,,,
CVE-2015-8985,CVE-2016-6786,CVE-2016-7945,CVE-2016-7945,#N/A,227,,,,,,
CVE-2015-8985,CVE-2016-6787,CVE-2016-7946,CVE-2016-7946,#N/A,228,,,,,,
CVE-2015-8985,CVE-2016-6866,CVE-2016-7947,CVE-2016-7947,181,229,,,,,,
CVE-2015-8985,CVE-2016-6906,CVE-2016-7948,CVE-2016-7948,182,230,,,,,,
CVE-2015-8985,CVE-2016-6912,CVE-2016-7949,CVE-2016-7949,183,231,,,,,,
CVE-2015-9016,CVE-2016-7032,CVE-2016-7950,CVE-2016-7950,184,232,,,,,,
CVE-2015-9019,CVE-2016-7056,CVE-2016-7951,CVE-2016-7951,185,233,,,,,,
CVE-2015-9099,CVE-2016-7076,CVE-2016-7952,CVE-2016-7952,186,234,,,,,,
CVE-2015-9100,CVE-2016-7097,CVE-2016-8331,CVE-2016-8331,#N/A,235,,,,,,
CVE-2015-9101,CVE-2016-7098,CVE-2016-8610,CVE-2016-8610,187,237,,,,,,
CVE-2016-0494,CVE-2016-7141,CVE-2016-8615,CVE-2016-8615,189,238,,,,,,
CVE-2016-0634,CVE-2016-7163,CVE-2016-8616,CVE-2016-8616,190,239,,,,,,
CVE-2016-0772,CVE-2016-7167,CVE-2016-8617,CVE-2016-8617,191,240,,,,,,
CVE-2016-0772,CVE-2016-7393,CVE-2016-8618,CVE-2016-8618,192,241,,,,,,
CVE-2016-0772,CVE-2016-7415,CVE-2016-8619,CVE-2016-8619,193,242,,,,,,
CVE-2016-0772,CVE-2016-7424,CVE-2016-8620,CVE-2016-8620,194,243,,,,,,
CVE-2016-1000110,CVE-2016-7477,CVE-2016-8621,CVE-2016-8621,#N/A,244,,,,,,
CVE-2016-1000110,CVE-2016-7499,CVE-2016-8622,CVE-2016-8622,#N/A,245,,,,,,
CVE-2016-1000110,CVE-2016-7543,CVE-2016-8623,CVE-2016-8623,199,246,,,,,,
CVE-2016-1000110,CVE-2016-7913,CVE-2016-8624,CVE-2016-8624,#N/A,247,,,,,,
CVE-2016-10044,CVE-2016-7914,CVE-2016-8625,CVE-2016-8625,#N/A,248,,,,,,
CVE-2016-10087,CVE-2016-7942,CVE-2016-8654,CVE-2016-8654,200,253,,,,,,
CVE-2016-10087,CVE-2016-7943,CVE-2016-8675,CVE-2016-8675,201,254,,,,,,
CVE-2016-10088,CVE-2016-7944,CVE-2016-8690,CVE-2016-8690,202,256,,,,,,
CVE-2016-10092,CVE-2016-7945,CVE-2016-8691,CVE-2016-8691,203,257,,,,,,
CVE-2016-10093,CVE-2016-7946,CVE-2016-8692,CVE-2016-8692,204,258,,,,,,
CVE-2016-10094,CVE-2016-7947,CVE-2016-8693,CVE-2016-8693,205,259,,,,,,
CVE-2016-10147,CVE-2016-7948,CVE-2016-8882,CVE-2016-8882,206,260,,,,,,
CVE-2016-10165,CVE-2016-7949,CVE-2016-8883,CVE-2016-8883,207,261,,,,,,
CVE-2016-10166,CVE-2016-7950,CVE-2016-8884,CVE-2016-8884,208,262,,,,,,
CVE-2016-10167,CVE-2016-7951,CVE-2016-8885,CVE-2016-8885,209,263,,,,,,
CVE-2016-10168,CVE-2016-7952,CVE-2016-8886,CVE-2016-8886,210,264,,,,,,
CVE-2016-10169,CVE-2016-8331,CVE-2016-8887,CVE-2016-8887,211,265,,,,,,
CVE-2016-10190,CVE-2016-8405,CVE-2016-9082,CVE-2016-9082,#N/A,266,,,,,,
CVE-2016-10190,CVE-2016-8610,CVE-2016-9189,CVE-2016-9189,212,270,,,,,,
CVE-2016-10190,CVE-2016-8615,CVE-2016-9190,CVE-2016-9190,213,271,,,,,,
CVE-2016-10190,CVE-2016-8616,CVE-2016-9273,CVE-2016-9273,214,273,,,,,,
CVE-2016-10192,CVE-2016-8617,CVE-2016-9297,CVE-2016-9297,215,274,,,,,,
CVE-2016-10192,CVE-2016-8618,CVE-2016-9310,CVE-2016-9310,216,#N/A,,,,,,
CVE-2016-10192,CVE-2016-8619,CVE-2016-9311,CVE-2016-9311,217,#N/A,,,,,,
CVE-2016-10192,CVE-2016-8620,CVE-2016-9317,CVE-2016-9317,218,275,,,,,,
CVE-2016-10198,CVE-2016-8621,CVE-2016-9318,CVE-2016-9318,219,276,,,,,,
CVE-2016-10198,CVE-2016-8622,CVE-2016-9387,CVE-2016-9387,220,277,,,,,,
CVE-2016-10199,CVE-2016-8623,CVE-2016-9388,CVE-2016-9388,221,278,,,,,,
CVE-2016-10199,CVE-2016-8624,CVE-2016-9389,CVE-2016-9389,222,279,,,,,,
CVE-2016-10200,CVE-2016-8625,CVE-2016-9390,CVE-2016-9390,223,280,,,,,,
CVE-2016-10208,CVE-2016-8632,CVE-2016-9391,CVE-2016-9391,#N/A,281,,,,,,
CVE-2016-10228,CVE-2016-8633,CVE-2016-9392,CVE-2016-9392,#N/A,282,,,,,,
CVE-2016-10228,CVE-2016-8645,CVE-2016-9393,CVE-2016-9393,#N/A,283,,,,,,
CVE-2016-10228,CVE-2016-8650,CVE-2016-9394,CVE-2016-9394,#N/A,284,,,,,,
CVE-2016-10228,CVE-2016-8654,CVE-2016-9395,CVE-2016-9395,224,285,,,,,,
CVE-2016-10228,CVE-2016-8675,CVE-2016-9396,CVE-2016-9396,225,286,,,,,,
CVE-2016-10244,CVE-2016-8676,CVE-2016-9397,CVE-2016-9397,#N/A,287,,,,,,
CVE-2016-10244,CVE-2016-8690,CVE-2016-9398,CVE-2016-9398,226,288,,,,,,
CVE-2016-10248,CVE-2016-8691,CVE-2016-9399,CVE-2016-9399,227,289,,,,,,
CVE-2016-10249,CVE-2016-8692,CVE-2016-9401,CVE-2016-9401,228,290,,,,,,
CVE-2016-10251,CVE-2016-8693,CVE-2016-9448,CVE-2016-9448,229,291,,,,,,
CVE-2016-10254,CVE-2016-8882,CVE-2016-9453,CVE-2016-9453,230,292,,,,,,
CVE-2016-10255,CVE-2016-8883,CVE-2016-9532,CVE-2016-9532,231,293,,,,,,
CVE-2016-10266,CVE-2016-8884,CVE-2016-9533,CVE-2016-9533,232,294,,,,,,
CVE-2016-10267,CVE-2016-8885,CVE-2016-9534,CVE-2016-9534,233,295,,,,,,
CVE-2016-10268,CVE-2016-8886,CVE-2016-9535,CVE-2016-9535,234,296,,,,,,
CVE-2016-10269,CVE-2016-8887,CVE-2016-9536,CVE-2016-9536,235,297,,,,,,
CVE-2016-10271,CVE-2016-9082,CVE-2016-9537,CVE-2016-9537,236,298,,,,,,
CVE-2016-10272,CVE-2016-9083,CVE-2016-9538,CVE-2016-9538,#N/A,299,,,,,,
CVE-2016-10328,CVE-2016-9084,CVE-2016-9539,CVE-2016-9539,#N/A,300,,,,,,
CVE-2016-10328,CVE-2016-9178,CVE-2016-9540,CVE-2016-9540,#N/A,301,,,,,,
CVE-2016-10371,CVE-2016-9189,CVE-2016-9557,CVE-2016-9557,237,302,,,,,,
CVE-2016-1234,CVE-2016-9190,CVE-2016-9560,CVE-2016-9560,238,303,,,,,,
CVE-2016-1234,CVE-2016-9191,CVE-2016-9586,CVE-2016-9586,#N/A,305,,,,,,
CVE-2016-1234,CVE-2016-9273,CVE-2016-9591,CVE-2016-9591,239,307,,,,,,
CVE-2016-1234,CVE-2016-9297,CVE-2016-9600,CVE-2016-9600,240,308,,,,,,
CVE-2016-1234,CVE-2016-9317,CVE-2016-9634,CVE-2016-9634,243,310,,,,,,
CVE-2016-1252,CVE-2016-9318,CVE-2016-9635,CVE-2016-9635,244,311,,,,,,
CVE-2016-1252,CVE-2016-9387,CVE-2016-9636,CVE-2016-9636,245,312,,,,,,
CVE-2016-1252,CVE-2016-9388,CVE-2016-9675,CVE-2016-9675,246,314,,,,,,
CVE-2016-1252,CVE-2016-9389,CVE-2016-9807,CVE-2016-9807,247,316,,,,,,
CVE-2016-1252,CVE-2016-9390,CVE-2016-9808,CVE-2016-9808,248,317,,,,,,
CVE-2016-1683,CVE-2016-9391,CVE-2016-9810,CVE-2016-9810,249,318,,,,,,
CVE-2016-1684,CVE-2016-9392,CVE-2016-9811,CVE-2016-9811,250,319,,,,,,
CVE-2016-1841,CVE-2016-9393,CVE-2016-9819,CVE-2016-9819,251,#N/A,,,,,,
CVE-2016-1867,CVE-2016-9394,CVE-2016-9820,CVE-2016-9820,252,#N/A,,,,,,
CVE-2016-2089,CVE-2016-9395,CVE-2016-9821,CVE-2016-9821,253,#N/A,,,,,,
CVE-2016-2090,CVE-2016-9396,CVE-2016-9822,CVE-2016-9822,254,#N/A,,,,,,
CVE-2016-2147,CVE-2016-9397,CVE-2016-9840,CVE-2016-9840,255,320,,,,,,
CVE-2016-2148,CVE-2016-9398,CVE-2016-9841,CVE-2016-9841,256,321,,,,,,
CVE-2016-2177,CVE-2016-9399,CVE-2016-9842,CVE-2016-9842,257,322,,,,,,
CVE-2016-2177,CVE-2016-9401,CVE-2016-9843,CVE-2016-9843,258,323,,,,,,
CVE-2016-2226,CVE-2016-9448,CVE-2016-9844,CVE-2016-9844,259,324,,,,,,
CVE-2016-2774,CVE-2016-9453,CVE-2016-9933,CVE-2016-9933,260,325,,,,,,
CVE-2016-2774,CVE-2016-9532,CVE-2017-0663,CVE-2017-0663,261,329,,,,,,
CVE-2016-2781,CVE-2016-9533,CVE-2017-1000050,CVE-2017-1000050,262,#N/A,,,,,,
CVE-2016-3119,CVE-2016-9534,CVE-2017-1000100,CVE-2017-1000100,263,333,,,,,,
CVE-2016-3119,CVE-2016-9535,CVE-2017-1000101,CVE-2017-1000101,264,334,,,,,,
CVE-2016-3119,CVE-2016-9536,CVE-2017-1000158,CVE-2017-1000158,265,337,,,,,,
CVE-2016-3119,CVE-2016-9537,CVE-2017-1000254,CVE-2017-1000254,266,339,,,,,,
CVE-2016-3119,CVE-2016-9538,CVE-2017-1000257,CVE-2017-1000257,267,340,,,,,,
CVE-2016-3120,CVE-2016-9539,CVE-2017-1000366,CVE-2017-1000366,268,344,,,,,,
CVE-2016-3120,CVE-2016-9540,CVE-2017-1000367,CVE-2017-1000367,269,345,,,,,,
CVE-2016-3120,CVE-2016-9557,CVE-2017-1000376,CVE-2017-1000376,270,346,,,,,,
CVE-2016-3120,CVE-2016-9560,CVE-2017-1000382,CVE-2017-1000382,271,349,,,,,,
CVE-2016-3120,CVE-2016-9576,CVE-2017-1000408,CVE-2017-1000408,#N/A,352,,,,,,
CVE-2016-3186,CVE-2016-9586,CVE-2017-1000409,CVE-2017-1000409,272,353,,,,,,
CVE-2016-3189,CVE-2016-9588,CVE-2017-1000422,CVE-2017-1000422,#N/A,355,,,,,,
CVE-2016-3189,CVE-2016-9591,CVE-2017-10140,CVE-2017-10140,273,356,,,,,,
CVE-2016-3190,CVE-2016-9600,CVE-2017-10268,CVE-2017-10268,274,357,,,,,,
CVE-2016-3190,CVE-2016-9604,CVE-2017-10378,CVE-2017-10378,#N/A,358,,,,,,
CVE-2016-3616,CVE-2016-9634,CVE-2017-10379,CVE-2017-10379,275,359,,,,,,
CVE-2016-3622,CVE-2016-9635,CVE-2017-10384,CVE-2017-10384,276,360,,,,,,
CVE-2016-3623,CVE-2016-9636,CVE-2017-10684,CVE-2017-10684,277,364,,,,,,
CVE-2016-3624,CVE-2016-9644,CVE-2017-10685,CVE-2017-10685,#N/A,365,,,,,,
CVE-2016-3632,CVE-2016-9675,CVE-2017-10688,CVE-2017-10688,278,366,,,,,,
CVE-2016-3658,CVE-2016-9754,CVE-2017-10790,CVE-2017-10790,#N/A,367,,,,,,
CVE-2016-3695,CVE-2016-9807,CVE-2017-10989,CVE-2017-10989,279,369,,,,,,
CVE-2016-3706,CVE-2016-9808,CVE-2017-11103,CVE-2017-11103,280,371,,,,,,
CVE-2016-3706,CVE-2016-9810,CVE-2017-11109,CVE-2017-11109,281,372,,,,,,
CVE-2016-3706,CVE-2016-9811,CVE-2017-11112,CVE-2017-11112,282,373,,,,,,
CVE-2016-3706,CVE-2016-9840,CVE-2017-11113,CVE-2017-11113,287,374,,,,,,
CVE-2016-3706,CVE-2016-9841,CVE-2017-11333,CVE-2017-11333,288,376,,,,,,
CVE-2016-3945,CVE-2016-9842,CVE-2017-11335,CVE-2017-11335,289,377,,,,,,
CVE-2016-3990,CVE-2016-9843,CVE-2017-11368,CVE-2017-11368,290,378,,,,,,
CVE-2016-3991,CVE-2016-9844,CVE-2017-11462,CVE-2017-11462,291,379,,,,,,
CVE-2016-4429,CVE-2016-9933,CVE-2017-11499,CVE-2017-11499,292,382,,,,,,
CVE-2016-4429,CVE-2017-0537,CVE-2017-11613,CVE-2017-11613,#N/A,383,,,,,,
CVE-2016-4429,CVE-2017-0605,CVE-2017-11720,CVE-2017-11720,#N/A,384,,,,,,
CVE-2016-4429,CVE-2017-0627,CVE-2017-12132,CVE-2017-12132,#N/A,385,,,,,,
CVE-2016-4429,CVE-2017-0663,CVE-2017-12133,CVE-2017-12133,293,386,,,,,,
CVE-2016-4448,CVE-2017-0750,CVE-2017-12424,CVE-2017-12424,#N/A,393,,,,,,
CVE-2016-4607,CVE-2017-0861,CVE-2017-12448,CVE-2017-12448,#N/A,394,,,,,,
CVE-2016-4608,CVE-2017-1000048,CVE-2017-12449,CVE-2017-12449,#N/A,395,,,,,,
CVE-2016-4609,CVE-2017-1000100,CVE-2017-12450,CVE-2017-12450,295,396,,,,,,
CVE-2016-4610,CVE-2017-1000101,CVE-2017-12452,CVE-2017-12452,296,397,,,,,,
CVE-2016-4612,CVE-2017-1000111,CVE-2017-12453,CVE-2017-12453,#N/A,398,,,,,,
CVE-2016-4658,CVE-2017-1000112,CVE-2017-12454,CVE-2017-12454,#N/A,399,,,,,,
CVE-2016-4738,CVE-2017-1000158,CVE-2017-12455,CVE-2017-12455,297,400,,,,,,
CVE-2016-5011,CVE-2017-1000251,CVE-2017-12456,CVE-2017-12456,#N/A,401,,,,,,
CVE-2016-5011,CVE-2017-1000254,CVE-2017-12457,CVE-2017-12457,298,402,,,,,,
CVE-2016-5011,CVE-2017-1000257,CVE-2017-12458,CVE-2017-12458,299,403,,,,,,
CVE-2016-5011,CVE-2017-1000363,CVE-2017-12459,CVE-2017-12459,#N/A,404,,,,,,
CVE-2016-5011,CVE-2017-1000364,CVE-2017-12799,CVE-2017-12799,#N/A,406,,,,,,
CVE-2016-5102,CVE-2017-1000365,CVE-2017-12837,CVE-2017-12837,#N/A,407,,,,,,
CVE-2016-5131,CVE-2017-1000366,CVE-2017-12883,CVE-2017-12883,300,408,,,,,,
CVE-2016-5139,CVE-2017-1000367,CVE-2017-12944,CVE-2017-12944,301,409,,,,,,
CVE-2016-5158,CVE-2017-1000376,CVE-2017-12967,CVE-2017-12967,302,410,,,,,,
CVE-2016-5159,CVE-2017-1000379,CVE-2017-13089,CVE-2017-13089,#N/A,411,,,,,,
CVE-2016-5314,CVE-2017-1000380,CVE-2017-13090,CVE-2017-13090,#N/A,412,,,,,,
CVE-2016-5315,CVE-2017-1000382,CVE-2017-13685,CVE-2017-13685,303,416,,,,,,
CVE-2016-5316,CVE-2017-1000405,CVE-2017-13712,CVE-2017-13712,#N/A,418,,,,,,
CVE-2016-5317,CVE-2017-1000407,CVE-2017-13716,CVE-2017-13716,#N/A,419,,,,,,
CVE-2016-5318,CVE-2017-1000408,CVE-2017-13726,CVE-2017-13726,304,420,,,,,,
CVE-2016-5319,CVE-2017-1000409,CVE-2017-13727,CVE-2017-13727,305,421,,,,,,
CVE-2016-5321,CVE-2017-1000410,CVE-2017-13728,CVE-2017-13728,#N/A,422,,,,,,
CVE-2016-5322,CVE-2017-1000422,CVE-2017-13729,CVE-2017-13729,306,423,,,,,,
CVE-2016-5323,CVE-2017-10140,CVE-2017-13730,CVE-2017-13730,307,424,,,,,,
CVE-2016-5325,CVE-2017-10268,CVE-2017-13731,CVE-2017-13731,308,425,,,,,,
CVE-2016-5407,CVE-2017-10378,CVE-2017-13732,CVE-2017-13732,309,426,,,,,,
CVE-2016-5636,CVE-2017-10379,CVE-2017-13733,CVE-2017-13733,310,427,,,,,,
CVE-2016-5636,CVE-2017-10384,CVE-2017-13734,CVE-2017-13734,311,428,,,,,,
CVE-2016-5636,CVE-2017-10661,CVE-2017-13745,CVE-2017-13745,#N/A,429,,,,,,
CVE-2016-5636,CVE-2017-10662,CVE-2017-13748,CVE-2017-13748,#N/A,430,,,,,,
CVE-2016-5652,CVE-2017-10663,CVE-2017-13753,CVE-2017-13753,#N/A,431,,,,,,
CVE-2016-5699,CVE-2017-10684,CVE-2017-14039,CVE-2017-14039,312,432,,,,,,
CVE-2016-5699,CVE-2017-10685,CVE-2017-14041,CVE-2017-14041,313,433,,,,,,
CVE-2016-5699,CVE-2017-10688,CVE-2017-14062,CVE-2017-14062,314,435,,,,,,
CVE-2016-5699,CVE-2017-10790,CVE-2017-14130,CVE-2017-14130,315,437,,,,,,
CVE-2016-5863,CVE-2017-10911,CVE-2017-14132,CVE-2017-14132,#N/A,438,,,,,,
CVE-2016-6185,CVE-2017-10989,CVE-2017-14159,CVE-2017-14159,316,441,,,,,,
CVE-2016-6185,CVE-2017-11089,CVE-2017-14160,CVE-2017-14160,#N/A,442,,,,,,
CVE-2016-6185,CVE-2017-11103,CVE-2017-14229,CVE-2017-14229,317,443,,,,,,
CVE-2016-6197,CVE-2017-11109,CVE-2017-14333,CVE-2017-14333,318,444,,,,,,
CVE-2016-6198,CVE-2017-11112,CVE-2017-14632,CVE-2017-14632,319,447,,,,,,
CVE-2016-6223,CVE-2017-11113,CVE-2017-14633,CVE-2017-14633,320,448,,,,,,
CVE-2016-6293,CVE-2017-11176,CVE-2017-14952,CVE-2017-14952,#N/A,449,,,,,,
CVE-2016-6321,CVE-2017-11333,CVE-2017-15018,CVE-2017-15018,321,451,,,,,,
CVE-2016-6323,CVE-2017-11335,CVE-2017-15019,CVE-2017-15019,322,452,,,,,,
CVE-2016-6323,CVE-2017-11368,CVE-2017-15045,CVE-2017-15045,323,453,,,,,,
CVE-2016-6323,CVE-2017-11462,CVE-2017-15046,CVE-2017-15046,324,454,,,,,,
CVE-2016-6323,CVE-2017-11472,CVE-2017-15098,CVE-2017-15098,#N/A,455,,,,,,
CVE-2016-6323,CVE-2017-11473,CVE-2017-15412,CVE-2017-15412,#N/A,465,,,,,,
CVE-2016-6786,CVE-2017-11499,CVE-2017-15422,CVE-2017-15422,325,466,,,,,,
CVE-2016-6787,CVE-2017-11613,CVE-2017-15670,CVE-2017-15670,326,469,,,,,,
CVE-2016-6866,CVE-2017-11720,CVE-2017-15804,CVE-2017-15804,327,470,,,,,,
CVE-2016-6906,CVE-2017-12132,CVE-2017-15873,CVE-2017-15873,328,472,,,,,,
CVE-2016-6912,CVE-2017-12133,CVE-2017-16232,CVE-2017-16232,329,473,,,,,,
CVE-2016-7032,CVE-2017-12134,CVE-2017-16544,CVE-2017-16544,#N/A,488,,,,,,
CVE-2016-7056,CVE-2017-12153,CVE-2017-16612,CVE-2017-16612,#N/A,#N/A,,,,,,
CVE-2016-7056,CVE-2017-12154,CVE-2017-16803,CVE-2017-16803,#N/A,#N/A,,,,,,
CVE-2016-7076,CVE-2017-12190,CVE-2017-16932,CVE-2017-16932,#N/A,500,,,,,,
CVE-2016-7097,CVE-2017-12192,CVE-2017-16997,CVE-2017-16997,#N/A,502,,,,,,
CVE-2016-7098,CVE-2017-12193,CVE-2017-17095,CVE-2017-17095,#N/A,504,,,,,,
CVE-2016-7141,CVE-2017-12424,CVE-2017-17505,CVE-2017-17505,330,#N/A,,,,,,
CVE-2016-7141,CVE-2017-12448,CVE-2017-17506,CVE-2017-17506,331,#N/A,,,,,,
CVE-2016-7163,CVE-2017-12449,CVE-2017-17508,CVE-2017-17508,332,#N/A,,,,,,
CVE-2016-7167,CVE-2017-12450,CVE-2017-17512,CVE-2017-17512,333,508,,,,,,
CVE-2016-7167,CVE-2017-12452,CVE-2017-17942,CVE-2017-17942,334,514,,,,,,
CVE-2016-7393,CVE-2017-12453,CVE-2017-17973,CVE-2017-17973,335,515,,,,,,
CVE-2016-7393,CVE-2017-12454,CVE-2017-18013,CVE-2017-18013,336,516,,,,,,
CVE-2016-7393,CVE-2017-12455,CVE-2017-18190,CVE-2017-18190,337,519,,,,,,
CVE-2016-7393,CVE-2017-12456,CVE-2017-18248,CVE-2017-18248,338,528,,,,,,
CVE-2016-7415,CVE-2017-12457,CVE-2017-18258,CVE-2017-18258,339,#N/A,,,,,,
CVE-2016-7424,CVE-2017-12458,CVE-2017-2518,CVE-2017-2518,340,533,,,,,,
CVE-2016-7424,CVE-2017-12459,CVE-2017-2616,CVE-2017-2616,341,#N/A,,,,,,
CVE-2016-7424,CVE-2017-12762,CVE-2017-2625,CVE-2017-2625,#N/A,538,,,,,,
CVE-2016-7424,CVE-2017-12799,CVE-2017-2626,CVE-2017-2626,342,539,,,,,,
CVE-2016-7477,CVE-2017-12837,CVE-2017-2862,CVE-2017-2862,343,543,,,,,,
CVE-2016-7477,CVE-2017-12883,CVE-2017-2870,CVE-2017-2870,344,544,,,,,,
CVE-2016-7477,CVE-2017-12944,CVE-2017-2885,CVE-2017-2885,345,545,,,,,,
CVE-2016-7477,CVE-2017-12967,CVE-2017-3144,CVE-2017-3144,346,546,,,,,,
CVE-2016-7499,CVE-2017-13089,CVE-2017-3238,CVE-2017-3238,347,547,,,,,,
CVE-2016-7499,CVE-2017-13090,CVE-2017-3243,CVE-2017-3243,348,548,,,,,,
CVE-2016-7499,CVE-2017-13165,CVE-2017-3244,CVE-2017-3244,#N/A,549,,,,,,
CVE-2016-7499,CVE-2017-13220,CVE-2017-3258,CVE-2017-3258,#N/A,550,,,,,,
CVE-2016-7543,CVE-2017-13305,CVE-2017-3265,CVE-2017-3265,#N/A,551,,,,,,
CVE-2016-7913,CVE-2017-13685,CVE-2017-3291,CVE-2017-3291,349,552,,,,,,
CVE-2016-7914,CVE-2017-13695,CVE-2017-3302,CVE-2017-3302,#N/A,553,,,,,,
CVE-2016-7942,CVE-2017-13712,CVE-2017-3305,CVE-2017-3305,350,554,,,,,,
CVE-2016-7942,CVE-2017-13716,CVE-2017-3308,CVE-2017-3308,351,555,,,,,,
CVE-2016-7942,CVE-2017-13726,CVE-2017-3309,CVE-2017-3309,352,556,,,,,,
CVE-2016-7943,CVE-2017-13727,CVE-2017-3312,CVE-2017-3312,353,557,,,,,,
CVE-2016-7943,CVE-2017-13728,CVE-2017-3313,CVE-2017-3313,354,558,,,,,,
CVE-2016-7943,CVE-2017-13729,CVE-2017-3317,CVE-2017-3317,355,559,,,,,,
CVE-2016-7944,CVE-2017-13730,CVE-2017-3318,CVE-2017-3318,356,560,,,,,,
CVE-2016-7945,CVE-2017-13731,CVE-2017-3329,CVE-2017-3329,357,561,,,,,,
CVE-2016-7946,CVE-2017-13732,CVE-2017-3453,CVE-2017-3453,358,562,,,,,,
CVE-2016-7947,CVE-2017-13733,CVE-2017-3456,CVE-2017-3456,359,563,,,,,,
CVE-2016-7948,CVE-2017-13734,CVE-2017-3461,CVE-2017-3461,360,564,,,,,,
CVE-2016-7949,CVE-2017-13745,CVE-2017-3462,CVE-2017-3462,361,565,,,,,,
CVE-2016-7950,CVE-2017-13748,CVE-2017-3463,CVE-2017-3463,362,566,,,,,,
CVE-2016-7951,CVE-2017-13753,CVE-2017-3464,CVE-2017-3464,363,567,,,,,,
CVE-2016-7952,CVE-2017-14039,CVE-2017-3600,CVE-2017-3600,364,568,,,,,,
CVE-2016-8331,CVE-2017-14041,CVE-2017-3635,CVE-2017-3635,365,569,,,,,,
CVE-2016-8405,CVE-2017-14051,CVE-2017-3636,CVE-2017-3636,#N/A,570,,,,,,
CVE-2016-8610,CVE-2017-14062,CVE-2017-3641,CVE-2017-3641,366,571,,,,,,
CVE-2016-8610,CVE-2017-14106,CVE-2017-3648,CVE-2017-3648,#N/A,572,,,,,,
CVE-2016-8610,CVE-2017-14130,CVE-2017-3651,CVE-2017-3651,367,573,,,,,,
CVE-2016-8610,CVE-2017-14132,CVE-2017-3652,CVE-2017-3652,368,574,,,,,,
CVE-2016-8615,CVE-2017-14140,CVE-2017-3653,CVE-2017-3653,#N/A,575,,,,,,
CVE-2016-8615,CVE-2017-14156,CVE-2017-3731,CVE-2017-3731,#N/A,576,,,,,,
CVE-2016-8616,CVE-2017-14159,CVE-2017-3735,CVE-2017-3735,369,577,,,,,,
CVE-2016-8616,CVE-2017-14160,CVE-2017-5029,CVE-2017-5029,370,578,,,,,,
CVE-2016-8617,CVE-2017-14229,CVE-2017-5225,CVE-2017-5225,371,579,,,,,,
CVE-2016-8617,CVE-2017-14333,CVE-2017-5335,CVE-2017-5335,372,580,,,,,,
CVE-2016-8618,CVE-2017-14340,CVE-2017-5336,CVE-2017-5336,#N/A,581,,,,,,
CVE-2016-8618,CVE-2017-14489,CVE-2017-5337,CVE-2017-5337,#N/A,582,,,,,,
CVE-2016-8619,CVE-2017-14632,CVE-2017-5504,CVE-2017-5504,373,583,,,,,,
CVE-2016-8619,CVE-2017-14633,CVE-2017-5563,CVE-2017-5563,374,587,,,,,,
CVE-2016-8620,CVE-2017-14952,CVE-2017-5837,CVE-2017-5837,375,592,,,,,,
CVE-2016-8620,CVE-2017-14991,CVE-2017-5838,CVE-2017-5838,#N/A,593,,,,,,
CVE-2016-8621,CVE-2017-15018,CVE-2017-5839,CVE-2017-5839,376,594,,,,,,
CVE-2016-8621,CVE-2017-15019,CVE-2017-5840,CVE-2017-5840,377,595,,,,,,
CVE-2016-8622,CVE-2017-15045,CVE-2017-5842,CVE-2017-5842,378,596,,,,,,
CVE-2016-8622,CVE-2017-15046,CVE-2017-5844,CVE-2017-5844,379,597,,,,,,
CVE-2016-8623,CVE-2017-15098,CVE-2017-5953,CVE-2017-5953,380,599,,,,,,
CVE-2016-8623,CVE-2017-15102,CVE-2017-6311,CVE-2017-6311,#N/A,606,,,,,,
CVE-2016-8624,CVE-2017-15115,CVE-2017-6312,CVE-2017-6312,#N/A,607,,,,,,
CVE-2016-8624,CVE-2017-15116,CVE-2017-6313,CVE-2017-6313,#N/A,608,,,,,,
CVE-2016-8625,CVE-2017-15128,CVE-2017-6314,CVE-2017-6314,#N/A,609,,,,,,
CVE-2016-8625,CVE-2017-15232,CVE-2017-6349,CVE-2017-6349,#N/A,613,,,,,,
CVE-2016-8632,CVE-2017-15265,CVE-2017-6350,CVE-2017-6350,#N/A,614,,,,,,
CVE-2016-8633,CVE-2017-15274,CVE-2017-6362,CVE-2017-6362,#N/A,615,,,,,,
CVE-2016-8645,CVE-2017-15299,CVE-2017-6458,CVE-2017-6458,#N/A,#N/A,,,,,,
CVE-2016-8650,CVE-2017-15365,CVE-2017-6462,CVE-2017-6462,#N/A,#N/A,,,,,,
CVE-2016-8654,CVE-2017-15412,CVE-2017-6463,CVE-2017-6463,381,#N/A,,,,,,
CVE-2016-8675,CVE-2017-15422,CVE-2017-6464,CVE-2017-6464,382,#N/A,,,,,,
CVE-2016-8675,CVE-2017-15537,CVE-2017-6508,CVE-2017-6508,#N/A,616,,,,,,
CVE-2016-8675,CVE-2017-15649,CVE-2017-6512,CVE-2017-6512,#N/A,617,,,,,,
CVE-2016-8675,CVE-2017-15670,CVE-2017-6594,CVE-2017-6594,383,618,,,,,,
CVE-2016-8676,CVE-2017-15804,CVE-2017-6850,CVE-2017-6850,384,619,,,,,,
CVE-2016-8676,CVE-2017-15868,CVE-2017-6852,CVE-2017-6852,#N/A,620,,,,,,
CVE-2016-8676,CVE-2017-15873,CVE-2017-6891,CVE-2017-6891,385,621,,,,,,
CVE-2016-8676,CVE-2017-16232,CVE-2017-6964,CVE-2017-6964,386,623,,,,,,
CVE-2016-8690,CVE-2017-16525,CVE-2017-6965,CVE-2017-6965,#N/A,624,,,,,,
CVE-2016-8691,CVE-2017-16526,CVE-2017-6966,CVE-2017-6966,#N/A,625,,,,,,
CVE-2016-8692,CVE-2017-16527,CVE-2017-6969,CVE-2017-6969,#N/A,626,,,,,,
CVE-2016-8693,CVE-2017-16528,CVE-2017-7206,CVE-2017-7206,#N/A,632,,,,,,
CVE-2016-8882,CVE-2017-16529,CVE-2017-7208,CVE-2017-7208,#N/A,633,,,,,,
CVE-2016-8883,CVE-2017-16530,CVE-2017-7209,CVE-2017-7209,#N/A,634,,,,,,
CVE-2016-8884,CVE-2017-16531,CVE-2017-7210,CVE-2017-7210,#N/A,635,,,,,,
CVE-2016-8885,CVE-2017-16532,CVE-2017-7223,CVE-2017-7223,#N/A,636,,,,,,
CVE-2016-8886,CVE-2017-16533,CVE-2017-7224,CVE-2017-7224,#N/A,637,,,,,,
CVE-2016-8887,CVE-2017-16534,CVE-2017-7225,CVE-2017-7225,#N/A,638,,,,,,
CVE-2016-9082,CVE-2017-16535,CVE-2017-7226,CVE-2017-7226,#N/A,639,,,,,,
CVE-2016-9082,CVE-2017-16536,CVE-2017-7227,CVE-2017-7227,#N/A,640,,,,,,
CVE-2016-9083,CVE-2017-16537,CVE-2017-7245,CVE-2017-7245,#N/A,641,,,,,,
CVE-2016-9084,CVE-2017-16538,CVE-2017-7246,CVE-2017-7246,#N/A,642,,,,,,
CVE-2016-9178,CVE-2017-16544,CVE-2017-7299,CVE-2017-7299,387,646,,,,,,
CVE-2016-9189,CVE-2017-16643,CVE-2017-7300,CVE-2017-7300,#N/A,647,,,,,,
CVE-2016-9189,CVE-2017-16644,CVE-2017-7301,CVE-2017-7301,#N/A,648,,,,,,
CVE-2016-9190,CVE-2017-16645,CVE-2017-7302,CVE-2017-7302,#N/A,649,,,,,,
CVE-2016-9190,CVE-2017-16646,CVE-2017-7375,CVE-2017-7375,#N/A,652,,,,,,
CVE-2016-9191,CVE-2017-16647,CVE-2017-7376,CVE-2017-7376,#N/A,653,,,,,,
CVE-2016-9273,CVE-2017-16649,CVE-2017-7407,CVE-2017-7407,#N/A,654,,,,,,
CVE-2016-9297,CVE-2017-16650,CVE-2017-7475,CVE-2017-7475,#N/A,656,,,,,,
CVE-2016-9317,CVE-2017-16911,CVE-2017-7484,CVE-2017-7484,#N/A,658,,,,,,
CVE-2016-9318,CVE-2017-16912,CVE-2017-7485,CVE-2017-7485,#N/A,659,,,,,,
CVE-2016-9387,CVE-2017-16913,CVE-2017-7486,CVE-2017-7486,#N/A,660,,,,,,
CVE-2016-9388,CVE-2017-16914,CVE-2017-7526,CVE-2017-7526,#N/A,664,,,,,,
CVE-2016-9389,CVE-2017-16932,CVE-2017-7546,CVE-2017-7546,390,667,,,,,,
CVE-2016-9390,CVE-2017-16939,CVE-2017-7547,CVE-2017-7547,#N/A,668,,,,,,
CVE-2016-9391,CVE-2017-16997,CVE-2017-7548,CVE-2017-7548,391,669,,,,,,
CVE-2016-9392,CVE-2017-17053,CVE-2017-7592,CVE-2017-7592,#N/A,670,,,,,,
CVE-2016-9393,CVE-2017-17095,CVE-2017-7593,CVE-2017-7593,392,671,,,,,,
CVE-2016-9394,CVE-2017-17448,CVE-2017-7594,CVE-2017-7594,#N/A,672,,,,,,
CVE-2016-9395,CVE-2017-17449,CVE-2017-7595,CVE-2017-7595,#N/A,673,,,,,,
CVE-2016-9396,CVE-2017-17450,CVE-2017-7596,CVE-2017-7596,#N/A,674,,,,,,
CVE-2016-9397,CVE-2017-17512,CVE-2017-7597,CVE-2017-7597,396,675,,,,,,
CVE-2016-9398,CVE-2017-17558,CVE-2017-7598,CVE-2017-7598,#N/A,676,,,,,,
CVE-2016-9399,CVE-2017-17741,CVE-2017-7599,CVE-2017-7599,#N/A,677,,,,,,
CVE-2016-9401,CVE-2017-17805,CVE-2017-7600,CVE-2017-7600,#N/A,678,,,,,,
CVE-2016-9448,CVE-2017-17806,CVE-2017-7601,CVE-2017-7601,#N/A,679,,,,,,
CVE-2016-9453,CVE-2017-17807,CVE-2017-7602,CVE-2017-7602,#N/A,680,,,,,,
CVE-2016-9532,CVE-2017-17942,CVE-2017-7607,CVE-2017-7607,397,681,,,,,,
CVE-2016-9533,CVE-2017-17973,CVE-2017-7608,CVE-2017-7608,398,682,,,,,,
CVE-2016-9534,CVE-2017-18013,CVE-2017-7610,CVE-2017-7610,399,683,,,,,,
CVE-2016-9535,CVE-2017-18017,CVE-2017-7611,CVE-2017-7611,#N/A,684,,,,,,
CVE-2016-9536,CVE-2017-18079,CVE-2017-7612,CVE-2017-7612,#N/A,685,,,,,,
CVE-2016-9537,CVE-2017-18190,CVE-2017-7613,CVE-2017-7613,400,686,,,,,,
CVE-2016-9538,CVE-2017-18193,CVE-2017-7614,CVE-2017-7614,#N/A,687,,,,,,
CVE-2016-9539,CVE-2017-18203,CVE-2017-7697,CVE-2017-7697,#N/A,690,,,,,,
CVE-2016-9540,CVE-2017-18204,CVE-2017-7771,CVE-2017-7771,#N/A,691,,,,,,
CVE-2016-9557,CVE-2017-18208,CVE-2017-7772,CVE-2017-7772,#N/A,692,,,,,,
CVE-2016-9560,CVE-2017-18216,CVE-2017-7773,CVE-2017-7773,#N/A,693,,,,,,
CVE-2016-9576,CVE-2017-18221,CVE-2017-7774,CVE-2017-7774,#N/A,694,,,,,,
CVE-2016-9586,CVE-2017-18232,CVE-2017-7775,CVE-2017-7775,#N/A,695,,,,,,
CVE-2016-9586,CVE-2017-18241,CVE-2017-7776,CVE-2017-7776,#N/A,696,,,,,,
CVE-2016-9588,CVE-2017-18248,CVE-2017-7777,CVE-2017-7777,401,697,,,,,,
CVE-2016-9591,CVE-2017-18249,CVE-2017-7778,CVE-2017-7778,#N/A,698,,,,,,
CVE-2016-9600,CVE-2017-18255,CVE-2017-7865,CVE-2017-7865,#N/A,699,,,,,,
CVE-2016-9604,CVE-2017-18257,CVE-2017-7867,CVE-2017-7867,#N/A,700,,,,,,
CVE-2016-9634,CVE-2017-18270,CVE-2017-7868,CVE-2017-7868,#N/A,701,,,,,,
CVE-2016-9634,CVE-2017-2518,CVE-2017-7869,CVE-2017-7869,403,702,,,,,,
CVE-2016-9635,CVE-2017-2583,CVE-2017-7890,CVE-2017-7890,#N/A,704,,,,,,
CVE-2016-9635,CVE-2017-2584,CVE-2017-8105,CVE-2017-8105,#N/A,706,,,,,,
CVE-2016-9636,CVE-2017-2596,CVE-2017-8283,CVE-2017-8283,#N/A,708,,,,,,
CVE-2016-9636,CVE-2017-2618,CVE-2017-8287,CVE-2017-8287,#N/A,709,,,,,,
CVE-2016-9644,CVE-2017-2625,CVE-2017-8419,CVE-2017-8419,405,710,,,,,,
CVE-2016-9675,CVE-2017-2626,CVE-2017-8804,CVE-2017-8804,406,712,,,,,,
CVE-2016-9754,CVE-2017-2636,CVE-2017-8817,CVE-2017-8817,#N/A,713,,,,,,
CVE-2016-9807,CVE-2017-2647,CVE-2017-8872,CVE-2017-8872,#N/A,716,,,,,,
CVE-2016-9807,CVE-2017-2671,CVE-2017-9038,CVE-2017-9038,#N/A,720,,,,,,
CVE-2016-9808,CVE-2017-2862,CVE-2017-9039,CVE-2017-9039,407,721,,,,,,
CVE-2016-9808,CVE-2017-2870,CVE-2017-9040,CVE-2017-9040,408,722,,,,,,
CVE-2016-9810,CVE-2017-2885,CVE-2017-9041,CVE-2017-9041,409,723,,,,,,
CVE-2016-9810,CVE-2017-3144,CVE-2017-9043,CVE-2017-9043,410,724,,,,,,
CVE-2016-9811,CVE-2017-3238,CVE-2017-9044,CVE-2017-9044,411,725,,,,,,
CVE-2016-9811,CVE-2017-3243,CVE-2017-9047,CVE-2017-9047,412,726,,,,,,
CVE-2016-9811,CVE-2017-3244,CVE-2017-9048,CVE-2017-9048,413,727,,,,,,
CVE-2016-9840,CVE-2017-3258,CVE-2017-9049,CVE-2017-9049,414,728,,,,,,
CVE-2016-9840,CVE-2017-3265,CVE-2017-9050,CVE-2017-9050,415,729,,,,,,
CVE-2016-9841,CVE-2017-3291,CVE-2017-9051,CVE-2017-9051,416,730,,,,,,
CVE-2016-9841,CVE-2017-3302,CVE-2017-9117,CVE-2017-9117,417,736,,,,,,
CVE-2016-9842,CVE-2017-3305,CVE-2017-9233,CVE-2017-9233,418,737,,,,,,
CVE-2016-9842,CVE-2017-3308,CVE-2017-9287,CVE-2017-9287,419,739,,,,,,
CVE-2016-9843,CVE-2017-3309,CVE-2017-9403,CVE-2017-9403,420,740,,,,,,
CVE-2016-9843,CVE-2017-3312,CVE-2017-9404,CVE-2017-9404,421,741,,,,,,
CVE-2016-9844,CVE-2017-3313,CVE-2017-9410,CVE-2017-9410,422,742,,,,,,
CVE-2016-9933,CVE-2017-3317,CVE-2017-9411,CVE-2017-9411,423,743,,,,,,
CVE-2017-0537,CVE-2017-3318,CVE-2017-9412,CVE-2017-9412,424,744,,,,,,
CVE-2017-0605,CVE-2017-3329,CVE-2017-9525,CVE-2017-9525,425,745,,,,,,
CVE-2017-0627,CVE-2017-3453,CVE-2017-9742,CVE-2017-9742,426,748,,,,,,
CVE-2017-0663,CVE-2017-3456,CVE-2017-9744,CVE-2017-9744,427,749,,,,,,
CVE-2017-0750,CVE-2017-3461,CVE-2017-9745,CVE-2017-9745,428,750,,,,,,
CVE-2017-0861,CVE-2017-3462,CVE-2017-9746,CVE-2017-9746,429,751,,,,,,
CVE-2017-1000048,CVE-2017-3463,CVE-2017-9747,CVE-2017-9747,430,752,,,,,,
CVE-2017-1000100,CVE-2017-3464,CVE-2017-9748,CVE-2017-9748,431,753,,,,,,
CVE-2017-1000100,CVE-2017-3600,CVE-2017-9749,CVE-2017-9749,432,754,,,,,,
CVE-2017-1000101,CVE-2017-3635,CVE-2017-9750,CVE-2017-9750,433,755,,,,,,
CVE-2017-1000101,CVE-2017-3636,CVE-2017-9751,CVE-2017-9751,434,756,,,,,,
CVE-2017-1000111,CVE-2017-3641,CVE-2017-9752,CVE-2017-9752,435,757,,,,,,
CVE-2017-1000112,CVE-2017-3648,CVE-2017-9753,CVE-2017-9753,436,758,,,,,,
CVE-2017-1000158,CVE-2017-3651,CVE-2017-9754,CVE-2017-9754,437,759,,,,,,
CVE-2017-1000158,CVE-2017-3652,CVE-2017-9755,CVE-2017-9755,438,760,,,,,,
CVE-2017-1000158,CVE-2017-3653,CVE-2017-9756,CVE-2017-9756,439,761,,,,,,
CVE-2017-1000158,CVE-2017-3731,CVE-2017-9782,CVE-2017-9782,440,762,,,,,,
CVE-2017-1000158,CVE-2017-3735,CVE-2017-9814,CVE-2017-9814,441,763,,,,,,
CVE-2017-1000158,CVE-2017-5029,CVE-2017-9815,CVE-2017-9815,442,764,,,,,,
CVE-2017-1000158,CVE-2017-5225,CVE-2017-9869,CVE-2017-9869,443,765,,,,,,
CVE-2017-1000158,CVE-2017-5335,CVE-2017-9870,CVE-2017-9870,444,766,,,,,,
CVE-2017-1000158,CVE-2017-5336,CVE-2017-9871,CVE-2017-9871,445,767,,,,,,
CVE-2017-1000158,CVE-2017-5337,CVE-2017-9872,CVE-2017-9872,446,768,,,,,,
CVE-2017-1000158,CVE-2017-5504,CVE-2017-9935,CVE-2017-9935,447,769,,,,,,
CVE-2017-1000251,CVE-2017-5549,CVE-2017-9936,CVE-2017-9936,#N/A,770,,,,,,
CVE-2017-1000254,CVE-2017-5550,CVE-2017-9937,CVE-2017-9937,#N/A,771,,,,,,
CVE-2017-1000254,CVE-2017-5551,CVE-2017-9955,CVE-2017-9955,#N/A,772,,,,,,
CVE-2017-1000257,CVE-2017-5563,CVE-2017-9991,CVE-2017-9991,448,776,,,,,,
CVE-2017-1000257,CVE-2017-5669,CVE-2017-9992,CVE-2017-9992,#N/A,777,,,,,,
CVE-2017-1000363,CVE-2017-5715,CVE-2017-9993,CVE-2017-9993,#N/A,778,,,,,,
CVE-2017-1000364,CVE-2017-5753,CVE-2017-9994,CVE-2017-9994,#N/A,779,,,,,,
CVE-2017-1000365,CVE-2017-5754,CVE-2017-9996,CVE-2017-9996,#N/A,780,,,,,,
CVE-2017-1000366,CVE-2017-5837,CVE-2018-0494,CVE-2018-0494,449,781,,,,,,
CVE-2017-1000366,CVE-2017-5838,CVE-2018-0495,CVE-2018-0495,450,782,,,,,,
CVE-2017-1000366,CVE-2017-5839,CVE-2018-0732,CVE-2018-0732,451,783,,,,,,
CVE-2017-1000366,CVE-2017-5840,CVE-2018-0734,CVE-2018-0734,452,#N/A,,,,,,
CVE-2017-1000366,CVE-2017-5842,CVE-2018-0735,CVE-2018-0735,453,#N/A,,,,,,
CVE-2017-1000367,CVE-2017-5844,CVE-2018-0737,CVE-2018-0737,454,784,,,,,,
CVE-2017-1000376,CVE-2017-5897,CVE-2018-0739,CVE-2018-0739,#N/A,785,,,,,,
CVE-2017-1000379,CVE-2017-5953,CVE-2018-1000001,CVE-2018-1000001,455,786,,,,,,
CVE-2017-1000380,CVE-2017-5967,CVE-2018-1000007,CVE-2018-1000007,#N/A,788,,,,,,
CVE-2017-1000382,CVE-2017-5970,CVE-2018-1000030,CVE-2018-1000030,#N/A,790,,,,,,
CVE-2017-1000382,CVE-2017-5972,CVE-2018-1000120,CVE-2018-1000120,#N/A,791,,,,,,
CVE-2017-1000405,CVE-2017-5986,CVE-2018-1000121,CVE-2018-1000121,#N/A,792,,,,,,
CVE-2017-1000407,CVE-2017-6214,CVE-2018-1000122,CVE-2018-1000122,#N/A,793,,,,,,
CVE-2017-1000408,CVE-2017-6280,CVE-2018-1000222,CVE-2018-1000222,#N/A,#N/A,,,,,,
CVE-2017-1000408,CVE-2017-6311,CVE-2018-1000301,CVE-2018-1000301,456,796,,,,,,
CVE-2017-1000408,CVE-2017-6312,CVE-2018-1000654,CVE-2018-1000654,457,#N/A,,,,,,
CVE-2017-1000408,CVE-2017-6313,CVE-2018-1000802,CVE-2018-1000802,458,#N/A,,,,,,
CVE-2017-1000408,CVE-2017-6314,CVE-2018-10126,CVE-2018-10126,459,800,,,,,,
CVE-2017-1000409,CVE-2017-6345,CVE-2018-10360,CVE-2018-10360,#N/A,#N/A,,,,,,
CVE-2017-1000409,CVE-2017-6346,CVE-2018-10392,CVE-2018-10392,#N/A,803,,,,,,
CVE-2017-1000409,CVE-2017-6348,CVE-2018-10393,CVE-2018-10393,#N/A,804,,,,,,
CVE-2017-1000409,CVE-2017-6349,CVE-2018-1049,CVE-2018-1049,460,805,,,,,,
CVE-2017-1000409,CVE-2017-6350,CVE-2018-1053,CVE-2018-1053,461,806,,,,,,
CVE-2017-1000410,CVE-2017-6362,CVE-2018-1058,CVE-2018-1058,462,807,,,,,,
CVE-2017-1000422,CVE-2017-6508,CVE-2018-1060,CVE-2018-1060,467,#N/A,,,,,,
CVE-2017-1000422,CVE-2017-6512,CVE-2018-1061,CVE-2018-1061,468,#N/A,,,,,,
CVE-2017-10140,CVE-2017-6594,CVE-2018-10779,CVE-2018-10779,469,811,,,,,,
CVE-2017-10268,CVE-2017-6850,CVE-2018-10801,CVE-2018-10801,470,812,,,,,,
CVE-2017-10268,CVE-2017-6852,CVE-2018-10915,CVE-2018-10915,471,#N/A,,,,,,
CVE-2017-10378,CVE-2017-6891,CVE-2018-10963,CVE-2018-10963,472,818,,,,,,
CVE-2017-10378,CVE-2017-6951,CVE-2018-11212,CVE-2018-11212,#N/A,#N/A,,,,,,
CVE-2017-10379,CVE-2017-6964,CVE-2018-11213,CVE-2018-11213,473,#N/A,,,,,,
CVE-2017-10379,CVE-2017-6965,CVE-2018-11214,CVE-2018-11214,474,#N/A,,,,,,
CVE-2017-10384,CVE-2017-6966,CVE-2018-1122,CVE-2018-1122,475,#N/A,,,,,,
CVE-2017-10384,CVE-2017-6969,CVE-2018-1123,CVE-2018-1123,476,#N/A,,,,,,
CVE-2017-10661,CVE-2017-7000,CVE-2018-1124,CVE-2018-1124,#N/A,#N/A,,,,,,
CVE-2017-10662,CVE-2017-7001,CVE-2018-1125,CVE-2018-1125,#N/A,#N/A,,,,,,
CVE-2017-10663,CVE-2017-7002,CVE-2018-1126,CVE-2018-1126,#N/A,#N/A,,,,,,
CVE-2017-10684,CVE-2017-7184,CVE-2018-1152,CVE-2018-1152,#N/A,#N/A,,,,,,
CVE-2017-10684,CVE-2017-7187,CVE-2018-12015,CVE-2018-12015,#N/A,821,,,,,,
CVE-2017-10684,CVE-2017-7206,CVE-2018-12020,CVE-2018-12020,477,822,,,,,,
CVE-2017-10684,CVE-2017-7208,CVE-2018-12115,CVE-2018-12115,478,#N/A,,,,,,
CVE-2017-10684,CVE-2017-7209,CVE-2018-12327,CVE-2018-12327,479,#N/A,,,,,,
CVE-2017-10685,CVE-2017-7210,CVE-2018-12900,CVE-2018-12900,480,#N/A,,,,,,
CVE-2017-10685,CVE-2017-7223,CVE-2018-12910,CVE-2018-12910,481,#N/A,,,,,,
CVE-2017-10685,CVE-2017-7224,CVE-2018-14048,CVE-2018-14048,482,#N/A,,,,,,
CVE-2017-10685,CVE-2017-7225,CVE-2018-14404,CVE-2018-14404,483,#N/A,,,,,,
CVE-2017-10685,CVE-2017-7226,CVE-2018-14567,CVE-2018-14567,484,#N/A,,,,,,
CVE-2017-10688,CVE-2017-7227,CVE-2018-14598,CVE-2018-14598,485,#N/A,,,,,,
CVE-2017-10790,CVE-2017-7245,CVE-2018-14599,CVE-2018-14599,486,#N/A,,,,,,
CVE-2017-10911,CVE-2017-7246,CVE-2018-14600,CVE-2018-14600,487,#N/A,,,,,,
CVE-2017-10989,CVE-2017-7261,CVE-2018-14618,CVE-2018-14618,#N/A,#N/A,,,,,,
CVE-2017-11089,CVE-2017-7273,CVE-2018-14647,CVE-2018-14647,#N/A,#N/A,,,,,,
CVE-2017-11103,CVE-2017-7294,CVE-2018-15209,CVE-2018-15209,#N/A,#N/A,,,,,,
CVE-2017-11103,CVE-2017-7299,CVE-2018-15686,CVE-2018-15686,488,#N/A,,,,,,
CVE-2017-11103,CVE-2017-7300,CVE-2018-15687,CVE-2018-15687,489,#N/A,,,,,,
CVE-2017-11103,CVE-2017-7301,CVE-2018-16335,CVE-2018-16335,490,#N/A,,,,,,
CVE-2017-11103,CVE-2017-7302,CVE-2018-16428,CVE-2018-16428,491,#N/A,,,,,,
CVE-2017-11103,CVE-2017-7308,CVE-2018-16429,CVE-2018-16429,#N/A,#N/A,,,,,,
CVE-2017-11103,CVE-2017-7346,CVE-2018-16435,CVE-2018-16435,#N/A,#N/A,,,,,,
CVE-2017-11103,CVE-2017-7375,CVE-2018-16839,CVE-2018-16839,492,#N/A,,,,,,
CVE-2017-11103,CVE-2017-7376,CVE-2018-16842,CVE-2018-16842,493,#N/A,,,,,,
CVE-2017-11109,CVE-2017-7407,CVE-2018-17000,CVE-2018-17000,494,#N/A,,,,,,
CVE-2017-11109,CVE-2017-7472,CVE-2018-17795,CVE-2018-17795,#N/A,#N/A,,,,,,
CVE-2017-11112,CVE-2017-7475,CVE-2018-18064,CVE-2018-18064,495,#N/A,,,,,,
CVE-2017-11112,CVE-2017-7482,CVE-2018-18384,CVE-2018-18384,#N/A,#N/A,,,,,,
CVE-2017-11112,CVE-2017-7484,CVE-2018-18873,CVE-2018-18873,496,#N/A,,,,,,
CVE-2017-11112,CVE-2017-7485,CVE-2018-19139,CVE-2018-19139,497,#N/A,,,,,,
CVE-2017-11112,CVE-2017-7486,CVE-2018-19539,CVE-2018-19539,498,#N/A,,,,,,
CVE-2017-11113,CVE-2017-7487,CVE-2018-19540,CVE-2018-19540,#N/A,#N/A,,,,,,
CVE-2017-11113,CVE-2017-7495,CVE-2018-19541,CVE-2018-19541,#N/A,#N/A,,,,,,
CVE-2017-11113,CVE-2017-7518,CVE-2018-19542,CVE-2018-19542,#N/A,#N/A,,,,,,
CVE-2017-11113,CVE-2017-7526,CVE-2018-19543,CVE-2018-19543,499,#N/A,,,,,,
CVE-2017-11113,CVE-2017-7541,CVE-2018-2562,CVE-2018-2562,#N/A,824,,,,,,
CVE-2017-11176,CVE-2017-7542,CVE-2018-2622,CVE-2018-2622,#N/A,825,,,,,,
CVE-2017-11333,CVE-2017-7546,CVE-2018-2640,CVE-2018-2640,500,826,,,,,,
CVE-2017-11333,CVE-2017-7547,CVE-2018-2665,CVE-2018-2665,501,827,,,,,,
CVE-2017-11335,CVE-2017-7548,CVE-2018-2668,CVE-2018-2668,502,828,,,,,,
CVE-2017-11368,CVE-2017-7592,CVE-2018-2755,CVE-2018-2755,503,829,,,,,,
CVE-2017-11368,CVE-2017-7593,CVE-2018-2761,CVE-2018-2761,504,830,,,,,,
CVE-2017-11368,CVE-2017-7594,CVE-2018-2767,CVE-2018-2767,505,831,,,,,,
CVE-2017-11368,CVE-2017-7595,CVE-2018-2771,CVE-2018-2771,506,832,,,,,,
CVE-2017-11368,CVE-2017-7596,CVE-2018-2773,CVE-2018-2773,507,833,,,,,,
CVE-2017-11462,CVE-2017-7597,CVE-2018-2781,CVE-2018-2781,508,834,,,,,,
CVE-2017-11462,CVE-2017-7598,CVE-2018-2813,CVE-2018-2813,509,835,,,,,,
CVE-2017-11462,CVE-2017-7599,CVE-2018-2817,CVE-2018-2817,510,836,,,,,,
CVE-2017-11462,CVE-2017-7600,CVE-2018-2818,CVE-2018-2818,511,837,,,,,,
CVE-2017-11462,CVE-2017-7601,CVE-2018-2819,CVE-2018-2819,512,838,,,,,,
CVE-2017-11472,CVE-2017-7602,CVE-2018-3058,CVE-2018-3058,513,#N/A,,,,,,
CVE-2017-11473,CVE-2017-7607,CVE-2018-3063,CVE-2018-3063,514,#N/A,,,,,,
CVE-2017-11499,CVE-2017-7608,CVE-2018-3066,CVE-2018-3066,515,#N/A,,,,,,
CVE-2017-11613,CVE-2017-7610,CVE-2018-3070,CVE-2018-3070,516,#N/A,,,,,,
CVE-2017-11720,CVE-2017-7611,CVE-2018-3081,CVE-2018-3081,517,#N/A,,,,,,
CVE-2017-12132,CVE-2017-7612,CVE-2018-3133,CVE-2018-3133,518,#N/A,,,,,,
CVE-2017-12132,CVE-2017-7613,CVE-2018-3174,CVE-2018-3174,519,#N/A,,,,,,
CVE-2017-12132,CVE-2017-7614,CVE-2018-3282,CVE-2018-3282,520,#N/A,,,,,,
CVE-2017-12132,CVE-2017-7616,CVE-2018-4180,CVE-2018-4180,#N/A,#N/A,,,,,,
CVE-2017-12132,CVE-2017-7645,CVE-2018-4181,CVE-2018-4181,#N/A,#N/A,,,,,,
CVE-2017-12133,CVE-2017-7697,CVE-2018-5146,CVE-2018-5146,521,841,,,,,,
CVE-2017-12133,CVE-2017-7771,CVE-2018-5360,CVE-2018-5360,522,845,,,,,,
CVE-2017-12133,CVE-2017-7772,CVE-2018-5407,CVE-2018-5407,523,#N/A,,,,,,
CVE-2017-12133,CVE-2017-7773,CVE-2018-5711,CVE-2018-5711,524,#N/A,,,,,,
CVE-2017-12133,CVE-2017-7774,CVE-2018-5732,CVE-2018-5732,525,846,,,,,,
CVE-2017-12134,CVE-2017-7775,CVE-2018-5733,CVE-2018-5733,526,847,,,,,,
CVE-2017-12153,CVE-2017-7776,CVE-2018-5784,CVE-2018-5784,527,849,,,,,,
CVE-2017-12154,CVE-2017-7777,CVE-2018-6323,CVE-2018-6323,528,852,,,,,,
CVE-2017-12190,CVE-2017-7778,CVE-2018-6485,CVE-2018-6485,529,853,,,,,,
CVE-2017-12192,CVE-2017-7865,CVE-2018-6553,CVE-2018-6553,530,#N/A,,,,,,
CVE-2017-12193,CVE-2017-7867,CVE-2018-6759,CVE-2018-6759,531,854,,,,,,
CVE-2017-12424,CVE-2017-7868,CVE-2018-6913,CVE-2018-6913,532,855,,,,,,
CVE-2017-12424,CVE-2017-7869,CVE-2018-7158,CVE-2018-7158,533,#N/A,,,,,,
CVE-2017-12448,CVE-2017-7889,CVE-2018-7159,CVE-2018-7159,#N/A,#N/A,,,,,,
CVE-2017-12449,CVE-2017-7890,CVE-2018-7169,CVE-2018-7169,534,857,,,,,,
CVE-2017-12450,CVE-2017-7895,CVE-2018-7170,CVE-2018-7170,#N/A,858,,,,,,
CVE-2017-12452,CVE-2017-8105,CVE-2018-7183,CVE-2018-7183,535,860,,,,,,
CVE-2017-12453,CVE-2017-8106,CVE-2018-7185,CVE-2018-7185,#N/A,862,,,,,,
CVE-2017-12454,CVE-2017-8283,CVE-2018-7456,CVE-2018-7456,536,864,,,,,,
CVE-2017-12455,CVE-2017-8287,CVE-2018-7999,CVE-2018-7999,537,871,,,,,,
CVE-2017-12456,CVE-2017-8419,CVE-2018-8740,CVE-2018-8740,538,872,,,,,,
CVE-2017-12457,CVE-2017-8797,CVE-2018-8905,CVE-2018-8905,#N/A,876,,,,,,
CVE-2017-12458,CVE-2017-8804,CVE-2018-9055,CVE-2018-9055,539,877,,,,,,
CVE-2017-12459,CVE-2017-8817,CVE-2018-9252,CVE-2018-9252,540,879,,,,,,
CVE-2017-12762,CVE-2017-8824,,,#N/A,,,,,,,
CVE-2017-12799,CVE-2017-8831,,,#N/A,,,,,,,
CVE-2017-12837,CVE-2017-8872,,,541,,,,,,,
CVE-2017-12837,CVE-2017-8890,,,#N/A,,,,,,,
CVE-2017-12837,CVE-2017-8924,,,#N/A,,,,,,,
CVE-2017-12883,CVE-2017-8925,,,#N/A,,,,,,,
CVE-2017-12883,CVE-2017-9038,,,542,,,,,,,
CVE-2017-12883,CVE-2017-9039,,,543,,,,,,,
CVE-2017-12944,CVE-2017-9040,,,544,,,,,,,
CVE-2017-12967,CVE-2017-9041,,,545,,,,,,,
CVE-2017-13089,CVE-2017-9043,,,546,,,,,,,
CVE-2017-13090,CVE-2017-9044,,,547,,,,,,,
CVE-2017-13165,CVE-2017-9047,,,548,,,,,,,
CVE-2017-13220,CVE-2017-9048,,,549,,,,,,,
CVE-2017-13305,CVE-2017-9049,,,550,,,,,,,
CVE-2017-13685,CVE-2017-9050,,,551,,,,,,,
CVE-2017-13695,CVE-2017-9051,,,552,,,,,,,
CVE-2017-13712,CVE-2017-9059,,,#N/A,,,,,,,
CVE-2017-13716,CVE-2017-9074,,,#N/A,,,,,,,
CVE-2017-13726,CVE-2017-9075,,,#N/A,,,,,,,
CVE-2017-13727,CVE-2017-9076,,,#N/A,,,,,,,
CVE-2017-13728,CVE-2017-9077,,,#N/A,,,,,,,
CVE-2017-13728,CVE-2017-9117,,,553,,,,,,,
CVE-2017-13728,CVE-2017-9233,,,554,,,,,,,
CVE-2017-13728,CVE-2017-9242,,,#N/A,,,,,,,
CVE-2017-13728,CVE-2017-9287,,,555,,,,,,,
CVE-2017-13729,CVE-2017-9403,,,556,,,,,,,
CVE-2017-13729,CVE-2017-9404,,,557,,,,,,,
CVE-2017-13729,CVE-2017-9410,,,558,,,,,,,
CVE-2017-13729,CVE-2017-9411,,,559,,,,,,,
CVE-2017-13729,CVE-2017-9412,,,560,,,,,,,
CVE-2017-13730,CVE-2017-9525,,,561,,,,,,,
CVE-2017-13730,CVE-2017-9605,,,#N/A,,,,,,,
CVE-2017-13730,CVE-2017-9614,,,#N/A,,,,,,,
CVE-2017-13730,CVE-2017-9742,,,562,,,,,,,
CVE-2017-13730,CVE-2017-9744,,,563,,,,,,,
CVE-2017-13731,CVE-2017-9745,,,564,,,,,,,
CVE-2017-13731,CVE-2017-9746,,,565,,,,,,,
CVE-2017-13731,CVE-2017-9747,,,566,,,,,,,
CVE-2017-13731,CVE-2017-9748,,,567,,,,,,,
CVE-2017-13731,CVE-2017-9749,,,568,,,,,,,
CVE-2017-13732,CVE-2017-9750,,,569,,,,,,,
CVE-2017-13732,CVE-2017-9751,,,570,,,,,,,
CVE-2017-13732,CVE-2017-9752,,,571,,,,,,,
CVE-2017-13732,CVE-2017-9753,,,572,,,,,,,
CVE-2017-13732,CVE-2017-9754,,,573,,,,,,,
CVE-2017-13733,CVE-2017-9755,,,574,,,,,,,
CVE-2017-13733,CVE-2017-9756,,,575,,,,,,,
CVE-2017-13733,CVE-2017-9782,,,576,,,,,,,
CVE-2017-13733,CVE-2017-9814,,,577,,,,,,,
CVE-2017-13733,CVE-2017-9815,,,578,,,,,,,
CVE-2017-13734,CVE-2017-9869,,,579,,,,,,,
CVE-2017-13734,CVE-2017-9870,,,580,,,,,,,
CVE-2017-13734,CVE-2017-9871,,,581,,,,,,,
CVE-2017-13734,CVE-2017-9872,,,582,,,,,,,
CVE-2017-13734,CVE-2017-9935,,,583,,,,,,,
CVE-2017-13745,CVE-2017-9936,,,584,,,,,,,
CVE-2017-13748,CVE-2017-9937,,,585,,,,,,,
CVE-2017-13753,CVE-2017-9955,,,586,,,,,,,
CVE-2017-14039,CVE-2017-9984,,,#N/A,,,,,,,
CVE-2017-14041,CVE-2017-9985,,,#N/A,,,,,,,
CVE-2017-14051,CVE-2017-9986,,,#N/A,,,,,,,
CVE-2017-14062,CVE-2017-9991,,,587,,,,,,,
CVE-2017-14106,CVE-2017-9992,,,588,,,,,,,
CVE-2017-14130,CVE-2017-9993,,,589,,,,,,,
CVE-2017-14132,CVE-2017-9994,,,590,,,,,,,
CVE-2017-14140,CVE-2017-9996,,,591,,,,,,,
CVE-2017-14156,CVE-2018-0494,,,592,,,,,,,
CVE-2017-14159,CVE-2018-0495,,,593,,,,,,,
CVE-2017-14160,CVE-2018-0732,,,594,,,,,,,
CVE-2017-14160,CVE-2018-0737,,,597,,,,,,,
CVE-2017-14229,CVE-2018-0739,,,598,,,,,,,
CVE-2017-14333,CVE-2018-1000001,,,599,,,,,,,
CVE-2017-14340,CVE-2018-1000004,,,#N/A,,,,,,,
CVE-2017-14489,CVE-2018-1000007,,,600,,,,,,,
CVE-2017-14632,CVE-2018-1000026,,,#N/A,,,,,,,
CVE-2017-14632,CVE-2018-1000030,,,601,,,,,,,
CVE-2017-14633,CVE-2018-1000120,,,602,,,,,,,
CVE-2017-14633,CVE-2018-1000121,,,603,,,,,,,
CVE-2017-14952,CVE-2018-1000122,,,604,,,,,,,
CVE-2017-14991,CVE-2018-1000199,,,#N/A,,,,,,,
CVE-2017-15018,CVE-2018-1000204,,,#N/A,,,,,,,
CVE-2017-15019,CVE-2018-1000301,,,606,,,,,,,
CVE-2017-15045,CVE-2018-10021,,,#N/A,,,,,,,
CVE-2017-15046,CVE-2018-10087,,,#N/A,,,,,,,
CVE-2017-15098,CVE-2018-10124,,,#N/A,,,,,,,
CVE-2017-15102,CVE-2018-10126,,,609,,,,,,,
CVE-2017-15115,CVE-2018-10322,,,#N/A,,,,,,,
CVE-2017-15116,CVE-2018-10323,,,#N/A,,,,,,,
CVE-2017-15128,CVE-2018-10392,,,611,,,,,,,
CVE-2017-15232,CVE-2018-10393,,,612,,,,,,,
CVE-2017-15265,CVE-2018-1049,,,613,,,,,,,
CVE-2017-15274,CVE-2018-1053,,,614,,,,,,,
CVE-2017-15299,CVE-2018-1058,,,615,,,,,,,
CVE-2017-15365,CVE-2018-1066,,,#N/A,,,,,,,
CVE-2017-15365,CVE-2018-10675,,,#N/A,,,,,,,
CVE-2017-15412,CVE-2018-1068,,,#N/A,,,,,,,
CVE-2017-15422,CVE-2018-10779,,,618,,,,,,,
CVE-2017-15537,CVE-2018-10801,,,619,,,,,,,
CVE-2017-15649,CVE-2018-1087,,,#N/A,,,,,,,
CVE-2017-15670,CVE-2018-1092,,,#N/A,,,,,,,
CVE-2017-15670,CVE-2018-1093,,,#N/A,,,,,,,
CVE-2017-15670,CVE-2018-1094,,,#N/A,,,,,,,
CVE-2017-15670,CVE-2018-10940,,,#N/A,,,,,,,
CVE-2017-15670,CVE-2018-10963,,,621,,,,,,,
CVE-2017-15804,CVE-2018-1120,,,#N/A,,,,,,,
CVE-2017-15804,CVE-2018-1130,,,#N/A,,,,,,,
CVE-2017-15804,CVE-2018-12015,,,631,,,,,,,
CVE-2017-15804,CVE-2018-12020,,,632,,,,,,,
CVE-2017-15804,CVE-2018-12232,,,#N/A,,,,,,,
CVE-2017-15868,CVE-2018-2562,,,665,,,,,,,
CVE-2017-15873,CVE-2018-2622,,,666,,,,,,,
CVE-2017-16232,CVE-2018-2640,,,667,,,,,,,
CVE-2017-16525,CVE-2018-2665,,,668,,,,,,,
CVE-2017-16526,CVE-2018-2668,,,669,,,,,,,
CVE-2017-16527,CVE-2018-2755,,,670,,,,,,,
CVE-2017-16528,CVE-2018-2761,,,671,,,,,,,
CVE-2017-16529,CVE-2018-2767,,,672,,,,,,,
CVE-2017-16530,CVE-2018-2771,,,673,,,,,,,
CVE-2017-16531,CVE-2018-2773,,,674,,,,,,,
CVE-2017-16532,CVE-2018-2781,,,675,,,,,,,
CVE-2017-16533,CVE-2018-2813,,,676,,,,,,,
CVE-2017-16534,CVE-2018-2817,,,677,,,,,,,
CVE-2017-16535,CVE-2018-2818,,,678,,,,,,,
CVE-2017-16536,CVE-2018-2819,,,679,,,,,,,
CVE-2017-16537,CVE-2018-3639,,,#N/A,,,,,,,
CVE-2017-16538,CVE-2018-3665,,,#N/A,,,,,,,
CVE-2017-16544,CVE-2018-5146,,,690,,,,,,,
CVE-2017-16643,CVE-2018-5332,,,#N/A,,,,,,,
CVE-2017-16644,CVE-2018-5333,,,#N/A,,,,,,,
CVE-2017-16645,CVE-2018-5344,,,#N/A,,,,,,,
CVE-2017-16646,CVE-2018-5360,,,691,,,,,,,
CVE-2017-16647,CVE-2018-5732,,,694,,,,,,,
CVE-2017-16649,CVE-2018-5733,,,695,,,,,,,
CVE-2017-16650,CVE-2018-5750,,,#N/A,,,,,,,
CVE-2017-16911,CVE-2018-5784,,,696,,,,,,,
CVE-2017-16912,CVE-2018-5803,,,#N/A,,,,,,,
CVE-2017-16913,CVE-2018-5814,,,#N/A,,,,,,,
CVE-2017-16914,CVE-2018-6323,,,697,,,,,,,
CVE-2017-16932,CVE-2018-6485,,,698,,,,,,,
CVE-2017-16939,CVE-2018-6759,,,700,,,,,,,
CVE-2017-16997,CVE-2018-6913,,,701,,,,,,,
CVE-2017-16997,CVE-2018-6927,,,#N/A,,,,,,,
CVE-2017-16997,CVE-2018-7169,,,704,,,,,,,
CVE-2017-16997,CVE-2018-7170,,,705,,,,,,,
CVE-2017-16997,CVE-2018-7182,,,#N/A,,,,,,,
CVE-2017-17053,CVE-2018-7183,,,706,,,,,,,
CVE-2017-17095,CVE-2018-7184,,,#N/A,,,,,,,
CVE-2017-17448,CVE-2018-7185,,,707,,,,,,,
CVE-2017-17449,CVE-2018-7273,,,#N/A,,,,,,,
CVE-2017-17450,CVE-2018-7456,,,708,,,,,,,
CVE-2017-17512,CVE-2018-7492,,,#N/A,,,,,,,
CVE-2017-17558,CVE-2018-7566,,,#N/A,,,,,,,
CVE-2017-17741,CVE-2018-7740,,,#N/A,,,,,,,
CVE-2017-17805,CVE-2018-7755,,,#N/A,,,,,,,
CVE-2017-17806,CVE-2018-7757,,,#N/A,,,,,,,
CVE-2017-17807,CVE-2018-7995,,,#N/A,,,,,,,
CVE-2017-17942,CVE-2018-7999,,,709,,,,,,,
CVE-2017-17973,CVE-2018-8740,,,710,,,,,,,
CVE-2017-18013,CVE-2018-8781,,,#N/A,,,,,,,
CVE-2017-18017,CVE-2018-8822,,,#N/A,,,,,,,
CVE-2017-18079,CVE-2018-8897,,,#N/A,,,,,,,
CVE-2017-18190,CVE-2018-8905,,,711,,,,,,,
CVE-2017-18193,CVE-2018-9055,,,712,,,,,,,
CVE-2017-18203,CVE-2018-9154,,,#N/A,,,,,,,
CVE-2017-18204,CVE-2018-9252,,,713,,,,,,,
CVE-2017-18208,,,,,,,,,,,
CVE-2017-18216,,,,,,,,,,,
CVE-2017-18221,,,,,,,,,,,
CVE-2017-18232,,,,,,,,,,,
CVE-2017-18241,,,,,,,,,,,
CVE-2017-18248,,,,,,,,,,,
CVE-2017-18249,,,,,,,,,,,
CVE-2017-18255,,,,,,,,,,,
CVE-2017-18257,,,,,,,,,,,
CVE-2017-18270,,,,,,,,,,,
CVE-2017-2518,,,,,,,,,,,
CVE-2017-2583,,,,,,,,,,,
CVE-2017-2584,,,,,,,,,,,
CVE-2017-2596,,,,,,,,,,,
CVE-2017-2618,,,,,,,,,,,
CVE-2017-2625,,,,,,,,,,,
CVE-2017-2626,,,,,,,,,,,
CVE-2017-2636,,,,,,,,,,,
CVE-2017-2647,,,,,,,,,,,
CVE-2017-2671,,,,,,,,,,,
CVE-2017-2862,,,,,,,,,,,
CVE-2017-2862,,,,,,,,,,,
CVE-2017-2870,,,,,,,,,,,
CVE-2017-2870,,,,,,,,,,,
CVE-2017-2885,,,,,,,,,,,
CVE-2017-3144,,,,,,,,,,,
CVE-2017-3144,,,,,,,,,,,
CVE-2017-3238,,,,,,,,,,,
CVE-2017-3238,,,,,,,,,,,
CVE-2017-3243,,,,,,,,,,,
CVE-2017-3243,,,,,,,,,,,
CVE-2017-3244,,,,,,,,,,,
CVE-2017-3244,,,,,,,,,,,
CVE-2017-3258,,,,,,,,,,,
CVE-2017-3258,,,,,,,,,,,
CVE-2017-3265,,,,,,,,,,,
CVE-2017-3265,,,,,,,,,,,
CVE-2017-3291,,,,,,,,,,,
CVE-2017-3291,,,,,,,,,,,
CVE-2017-3302,,,,,,,,,,,
CVE-2017-3302,,,,,,,,,,,
CVE-2017-3305,,,,,,,,,,,
CVE-2017-3305,,,,,,,,,,,
CVE-2017-3308,,,,,,,,,,,
CVE-2017-3308,,,,,,,,,,,
CVE-2017-3309,,,,,,,,,,,
CVE-2017-3309,,,,,,,,,,,
CVE-2017-3312,,,,,,,,,,,
CVE-2017-3312,,,,,,,,,,,
CVE-2017-3313,,,,,,,,,,,
CVE-2017-3313,,,,,,,,,,,
CVE-2017-3317,,,,,,,,,,,
CVE-2017-3317,,,,,,,,,,,
CVE-2017-3318,,,,,,,,,,,
CVE-2017-3318,,,,,,,,,,,
CVE-2017-3329,,,,,,,,,,,
CVE-2017-3329,,,,,,,,,,,
CVE-2017-3453,,,,,,,,,,,
CVE-2017-3453,,,,,,,,,,,
CVE-2017-3456,,,,,,,,,,,
CVE-2017-3456,,,,,,,,,,,
CVE-2017-3461,,,,,,,,,,,
CVE-2017-3461,,,,,,,,,,,
CVE-2017-3462,,,,,,,,,,,
CVE-2017-3462,,,,,,,,,,,
CVE-2017-3463,,,,,,,,,,,
CVE-2017-3463,,,,,,,,,,,
CVE-2017-3464,,,,,,,,,,,
CVE-2017-3464,,,,,,,,,,,
CVE-2017-3600,,,,,,,,,,,
CVE-2017-3600,,,,,,,,,,,
CVE-2017-3635,,,,,,,,,,,
CVE-2017-3635,,,,,,,,,,,
CVE-2017-3636,,,,,,,,,,,
CVE-2017-3636,,,,,,,,,,,
CVE-2017-3641,,,,,,,,,,,
CVE-2017-3641,,,,,,,,,,,
CVE-2017-3648,,,,,,,,,,,
CVE-2017-3648,,,,,,,,,,,
CVE-2017-3651,,,,,,,,,,,
CVE-2017-3651,,,,,,,,,,,
CVE-2017-3652,,,,,,,,,,,
CVE-2017-3652,,,,,,,,,,,
CVE-2017-3653,,,,,,,,,,,
CVE-2017-3653,,,,,,,,,,,
CVE-2017-3731,,,,,,,,,,,
CVE-2017-3731,,,,,,,,,,,
CVE-2017-3735,,,,,,,,,,,
CVE-2017-3735,,,,,,,,,,,
CVE-2017-5029,,,,,,,,,,,
CVE-2017-5225,,,,,,,,,,,
CVE-2017-5335,,,,,,,,,,,
CVE-2017-5335,,,,,,,,,,,
CVE-2017-5336,,,,,,,,,,,
CVE-2017-5336,,,,,,,,,,,
CVE-2017-5337,,,,,,,,,,,
CVE-2017-5337,,,,,,,,,,,
CVE-2017-5504,,,,,,,,,,,
CVE-2017-5549,,,,,,,,,,,
CVE-2017-5550,,,,,,,,,,,
CVE-2017-5551,,,,,,,,,,,
CVE-2017-5563,,,,,,,,,,,
CVE-2017-5669,,,,,,,,,,,
CVE-2017-5715,,,,,,,,,,,
CVE-2017-5753,,,,,,,,,,,
CVE-2017-5754,,,,,,,,,,,
CVE-2017-5837,,,,,,,,,,,
CVE-2017-5837,,,,,,,,,,,
CVE-2017-5837,,,,,,,,,,,
CVE-2017-5838,,,,,,,,,,,
CVE-2017-5839,,,,,,,,,,,
CVE-2017-5839,,,,,,,,,,,
CVE-2017-5839,,,,,,,,,,,
CVE-2017-5840,,,,,,,,,,,
CVE-2017-5840,,,,,,,,,,,
CVE-2017-5842,,,,,,,,,,,
CVE-2017-5842,,,,,,,,,,,
CVE-2017-5842,,,,,,,,,,,
CVE-2017-5844,,,,,,,,,,,
CVE-2017-5844,,,,,,,,,,,
CVE-2017-5844,,,,,,,,,,,
CVE-2017-5897,,,,,,,,,,,
CVE-2017-5953,,,,,,,,,,,
CVE-2017-5953,,,,,,,,,,,
CVE-2017-5967,,,,,,,,,,,
CVE-2017-5970,,,,,,,,,,,
CVE-2017-5972,,,,,,,,,,,
CVE-2017-5986,,,,,,,,,,,
CVE-2017-6214,,,,,,,,,,,
CVE-2017-6280,,,,,,,,,,,
CVE-2017-6311,,,,,,,,,,,
CVE-2017-6311,,,,,,,,,,,
CVE-2017-6312,,,,,,,,,,,
CVE-2017-6312,,,,,,,,,,,
CVE-2017-6313,,,,,,,,,,,
CVE-2017-6313,,,,,,,,,,,
CVE-2017-6314,,,,,,,,,,,
CVE-2017-6314,,,,,,,,,,,
CVE-2017-6345,,,,,,,,,,,
CVE-2017-6346,,,,,,,,,,,
CVE-2017-6348,,,,,,,,,,,
CVE-2017-6349,,,,,,,,,,,
CVE-2017-6349,,,,,,,,,,,
CVE-2017-6350,,,,,,,,,,,
CVE-2017-6350,,,,,,,,,,,
CVE-2017-6362,,,,,,,,,,,
CVE-2017-6508,,,,,,,,,,,
CVE-2017-6512,,,,,,,,,,,
CVE-2017-6512,,,,,,,,,,,
CVE-2017-6512,,,,,,,,,,,
CVE-2017-6594,,,,,,,,,,,
CVE-2017-6594,,,,,,,,,,,
CVE-2017-6594,,,,,,,,,,,
CVE-2017-6594,,,,,,,,,,,
CVE-2017-6594,,,,,,,,,,,
CVE-2017-6594,,,,,,,,,,,
CVE-2017-6594,,,,,,,,,,,
CVE-2017-6594,,,,,,,,,,,
CVE-2017-6594,,,,,,,,,,,
CVE-2017-6850,,,,,,,,,,,
CVE-2017-6852,,,,,,,,,,,
CVE-2017-6891,,,,,,,,,,,
CVE-2017-6951,,,,,,,,,,,
CVE-2017-6964,,,,,,,,,,,
CVE-2017-6965,,,,,,,,,,,
CVE-2017-6966,,,,,,,,,,,
CVE-2017-6969,,,,,,,,,,,
CVE-2017-7000,,,,,,,,,,,
CVE-2017-7001,,,,,,,,,,,
CVE-2017-7002,,,,,,,,,,,
CVE-2017-7184,,,,,,,,,,,
CVE-2017-7187,,,,,,,,,,,
CVE-2017-7206,,,,,,,,,,,
CVE-2017-7206,,,,,,,,,,,
CVE-2017-7206,,,,,,,,,,,
CVE-2017-7206,,,,,,,,,,,
CVE-2017-7208,,,,,,,,,,,
CVE-2017-7208,,,,,,,,,,,
CVE-2017-7208,,,,,,,,,,,
CVE-2017-7208,,,,,,,,,,,
CVE-2017-7209,,,,,,,,,,,
CVE-2017-7210,,,,,,,,,,,
CVE-2017-7223,,,,,,,,,,,
CVE-2017-7224,,,,,,,,,,,
CVE-2017-7225,,,,,,,,,,,
CVE-2017-7226,,,,,,,,,,,
CVE-2017-7227,,,,,,,,,,,
CVE-2017-7245,,,,,,,,,,,
CVE-2017-7246,,,,,,,,,,,
CVE-2017-7261,,,,,,,,,,,
CVE-2017-7273,,,,,,,,,,,
CVE-2017-7294,,,,,,,,,,,
CVE-2017-7299,,,,,,,,,,,
CVE-2017-7300,,,,,,,,,,,
CVE-2017-7301,,,,,,,,,,,
CVE-2017-7302,,,,,,,,,,,
CVE-2017-7308,,,,,,,,,,,
CVE-2017-7346,,,,,,,,,,,
CVE-2017-7375,,,,,,,,,,,
CVE-2017-7376,,,,,,,,,,,
CVE-2017-7407,,,,,,,,,,,
CVE-2017-7407,,,,,,,,,,,
CVE-2017-7472,,,,,,,,,,,
CVE-2017-7475,,,,,,,,,,,
CVE-2017-7475,,,,,,,,,,,
CVE-2017-7482,,,,,,,,,,,
CVE-2017-7484,,,,,,,,,,,
CVE-2017-7485,,,,,,,,,,,
CVE-2017-7486,,,,,,,,,,,
CVE-2017-7487,,,,,,,,,,,
CVE-2017-7495,,,,,,,,,,,
CVE-2017-7518,,,,,,,,,,,
CVE-2017-7526,,,,,,,,,,,
CVE-2017-7541,,,,,,,,,,,
CVE-2017-7542,,,,,,,,,,,
CVE-2017-7546,,,,,,,,,,,
CVE-2017-7547,,,,,,,,,,,
CVE-2017-7548,,,,,,,,,,,
CVE-2017-7592,,,,,,,,,,,
CVE-2017-7593,,,,,,,,,,,
CVE-2017-7594,,,,,,,,,,,
CVE-2017-7595,,,,,,,,,,,
CVE-2017-7596,,,,,,,,,,,
CVE-2017-7597,,,,,,,,,,,
CVE-2017-7598,,,,,,,,,,,
CVE-2017-7599,,,,,,,,,,,
CVE-2017-7600,,,,,,,,,,,
CVE-2017-7601,,,,,,,,,,,
CVE-2017-7602,,,,,,,,,,,
CVE-2017-7607,,,,,,,,,,,
CVE-2017-7608,,,,,,,,,,,
CVE-2017-7610,,,,,,,,,,,
CVE-2017-7611,,,,,,,,,,,
CVE-2017-7612,,,,,,,,,,,
CVE-2017-7613,,,,,,,,,,,
CVE-2017-7614,,,,,,,,,,,
CVE-2017-7616,,,,,,,,,,,
CVE-2017-7645,,,,,,,,,,,
CVE-2017-7697,,,,,,,,,,,
CVE-2017-7771,,,,,,,,,,,
CVE-2017-7772,,,,,,,,,,,
CVE-2017-7773,,,,,,,,,,,
CVE-2017-7774,,,,,,,,,,,
CVE-2017-7775,,,,,,,,,,,
CVE-2017-7776,,,,,,,,,,,
CVE-2017-7777,,,,,,,,,,,
CVE-2017-7778,,,,,,,,,,,
CVE-2017-7865,,,,,,,,,,,
CVE-2017-7865,,,,,,,,,,,
CVE-2017-7865,,,,,,,,,,,
CVE-2017-7865,,,,,,,,,,,
CVE-2017-7867,,,,,,,,,,,
CVE-2017-7868,,,,,,,,,,,
CVE-2017-7869,,,,,,,,,,,
CVE-2017-7869,,,,,,,,,,,
CVE-2017-7889,,,,,,,,,,,
CVE-2017-7890,,,,,,,,,,,
CVE-2017-7895,,,,,,,,,,,
CVE-2017-8105,,,,,,,,,,,
CVE-2017-8105,,,,,,,,,,,
CVE-2017-8106,,,,,,,,,,,
CVE-2017-8283,,,,,,,,,,,
CVE-2017-8287,,,,,,,,,,,
CVE-2017-8287,,,,,,,,,,,
CVE-2017-8419,,,,,,,,,,,
CVE-2017-8797,,,,,,,,,,,
CVE-2017-8804,,,,,,,,,,,
CVE-2017-8804,,,,,,,,,,,
CVE-2017-8804,,,,,,,,,,,
CVE-2017-8804,,,,,,,,,,,
CVE-2017-8804,,,,,,,,,,,
CVE-2017-8817,,,,,,,,,,,
CVE-2017-8817,,,,,,,,,,,
CVE-2017-8824,,,,,,,,,,,
CVE-2017-8831,,,,,,,,,,,
CVE-2017-8872,,,,,,,,,,,
CVE-2017-8890,,,,,,,,,,,
CVE-2017-8924,,,,,,,,,,,
CVE-2017-8925,,,,,,,,,,,
CVE-2017-9038,,,,,,,,,,,
CVE-2017-9039,,,,,,,,,,,
CVE-2017-9040,,,,,,,,,,,
CVE-2017-9041,,,,,,,,,,,
CVE-2017-9043,,,,,,,,,,,
CVE-2017-9044,,,,,,,,,,,
CVE-2017-9047,,,,,,,,,,,
CVE-2017-9048,,,,,,,,,,,
CVE-2017-9049,,,,,,,,,,,
CVE-2017-9050,,,,,,,,,,,
CVE-2017-9051,,,,,,,,,,,
CVE-2017-9051,,,,,,,,,,,
CVE-2017-9051,,,,,,,,,,,
CVE-2017-9051,,,,,,,,,,,
CVE-2017-9059,,,,,,,,,,,
CVE-2017-9074,,,,,,,,,,,
CVE-2017-9075,,,,,,,,,,,
CVE-2017-9076,,,,,,,,,,,
CVE-2017-9077,,,,,,,,,,,
CVE-2017-9117,,,,,,,,,,,
CVE-2017-9233,,,,,,,,,,,
CVE-2017-9233,,,,,,,,,,,
CVE-2017-9242,,,,,,,,,,,
CVE-2017-9287,,,,,,,,,,,
CVE-2017-9403,,,,,,,,,,,
CVE-2017-9404,,,,,,,,,,,
CVE-2017-9410,,,,,,,,,,,
CVE-2017-9411,,,,,,,,,,,
CVE-2017-9412,,,,,,,,,,,
CVE-2017-9525,,,,,,,,,,,
CVE-2017-9605,,,,,,,,,,,
CVE-2017-9614,,,,,,,,,,,
CVE-2017-9742,,,,,,,,,,,
CVE-2017-9744,,,,,,,,,,,
CVE-2017-9745,,,,,,,,,,,
CVE-2017-9746,,,,,,,,,,,
CVE-2017-9747,,,,,,,,,,,
CVE-2017-9748,,,,,,,,,,,
CVE-2017-9749,,,,,,,,,,,
CVE-2017-9750,,,,,,,,,,,
CVE-2017-9751,,,,,,,,,,,
CVE-2017-9752,,,,,,,,,,,
CVE-2017-9753,,,,,,,,,,,
CVE-2017-9754,,,,,,,,,,,
CVE-2017-9755,,,,,,,,,,,
CVE-2017-9756,,,,,,,,,,,
CVE-2017-9782,,,,,,,,,,,
CVE-2017-9814,,,,,,,,,,,
CVE-2017-9814,,,,,,,,,,,
CVE-2017-9815,,,,,,,,,,,
CVE-2017-9869,,,,,,,,,,,
CVE-2017-9870,,,,,,,,,,,
CVE-2017-9871,,,,,,,,,,,
CVE-2017-9872,,,,,,,,,,,
CVE-2017-9935,,,,,,,,,,,
CVE-2017-9936,,,,,,,,,,,
CVE-2017-9937,,,,,,,,,,,
CVE-2017-9955,,,,,,,,,,,
CVE-2017-9984,,,,,,,,,,,
CVE-2017-9985,,,,,,,,,,,
CVE-2017-9986,,,,,,,,,,,
CVE-2017-9991,,,,,,,,,,,
CVE-2017-9991,,,,,,,,,,,
CVE-2017-9991,,,,,,,,,,,
CVE-2017-9991,,,,,,,,,,,
CVE-2017-9992,,,,,,,,,,,
CVE-2017-9992,,,,,,,,,,,
CVE-2017-9992,,,,,,,,,,,
CVE-2017-9992,,,,,,,,,,,
CVE-2017-9993,,,,,,,,,,,
CVE-2017-9993,,,,,,,,,,,
CVE-2017-9993,,,,,,,,,,,
CVE-2017-9993,,,,,,,,,,,
CVE-2017-9994,,,,,,,,,,,
CVE-2017-9994,,,,,,,,,,,
CVE-2017-9994,,,,,,,,,,,
CVE-2017-9994,,,,,,,,,,,
CVE-2017-9996,,,,,,,,,,,
CVE-2017-9996,,,,,,,,,,,
CVE-2017-9996,,,,,,,,,,,
CVE-2017-9996,,,,,,,,,,,
CVE-2018-0494,,,,,,,,,,,
CVE-2018-0495,,,,,,,,,,,
CVE-2018-0495,,,,,,,,,,,
CVE-2018-0495,,,,,,,,,,,
CVE-2018-0732,,,,,,,,,,,
CVE-2018-0732,,,,,,,,,,,
CVE-2018-0737,,,,,,,,,,,
CVE-2018-0737,,,,,,,,,,,
CVE-2018-0739,,,,,,,,,,,
CVE-2018-0739,,,,,,,,,,,
CVE-2018-1000001,,,,,,,,,,,
CVE-2018-1000001,,,,,,,,,,,
CVE-2018-1000001,,,,,,,,,,,
CVE-2018-1000001,,,,,,,,,,,
CVE-2018-1000001,,,,,,,,,,,
CVE-2018-1000004,,,,,,,,,,,
CVE-2018-1000007,,,,,,,,,,,
CVE-2018-1000007,,,,,,,,,,,
CVE-2018-1000026,,,,,,,,,,,
CVE-2018-1000030,,,,,,,,,,,
CVE-2018-1000030,,,,,,,,,,,
CVE-2018-1000030,,,,,,,,,,,
CVE-2018-1000030,,,,,,,,,,,
CVE-2018-1000030,,,,,,,,,,,
CVE-2018-1000030,,,,,,,,,,,
CVE-2018-1000030,,,,,,,,,,,
CVE-2018-1000120,,,,,,,,,,,
CVE-2018-1000120,,,,,,,,,,,
CVE-2018-1000121,,,,,,,,,,,
CVE-2018-1000121,,,,,,,,,,,
CVE-2018-1000122,,,,,,,,,,,
CVE-2018-1000122,,,,,,,,,,,
CVE-2018-1000199,,,,,,,,,,,
CVE-2018-1000204,,,,,,,,,,,
CVE-2018-1000301,,,,,,,,,,,
CVE-2018-1000301,,,,,,,,,,,
CVE-2018-10021,,,,,,,,,,,
CVE-2018-10087,,,,,,,,,,,
CVE-2018-10124,,,,,,,,,,,
CVE-2018-10126,,,,,,,,,,,
CVE-2018-10322,,,,,,,,,,,
CVE-2018-10323,,,,,,,,,,,
CVE-2018-10392,,,,,,,,,,,
CVE-2018-10392,,,,,,,,,,,
CVE-2018-10393,,,,,,,,,,,
CVE-2018-10393,,,,,,,,,,,
CVE-2018-1049,,,,,,,,,,,
CVE-2018-1049,,,,,,,,,,,
CVE-2018-1053,,,,,,,,,,,
CVE-2018-1058,,,,,,,,,,,
CVE-2018-1066,,,,,,,,,,,
CVE-2018-10675,,,,,,,,,,,
CVE-2018-1068,,,,,,,,,,,
CVE-2018-10779,,,,,,,,,,,
CVE-2018-10801,,,,,,,,,,,
CVE-2018-1087,,,,,,,,,,,
CVE-2018-1092,,,,,,,,,,,
CVE-2018-1093,,,,,,,,,,,
CVE-2018-1094,,,,,,,,,,,
CVE-2018-10940,,,,,,,,,,,
CVE-2018-10963,,,,,,,,,,,
CVE-2018-1120,,,,,,,,,,,
CVE-2018-1130,,,,,,,,,,,
CVE-2018-12015,,,,,,,,,,,
CVE-2018-12015,,,,,,,,,,,
CVE-2018-12015,,,,,,,,,,,
CVE-2018-12020,,,,,,,,,,,
CVE-2018-12020,,,,,,,,,,,
CVE-2018-12232,,,,,,,,,,,
CVE-2018-2562,,,,,,,,,,,
CVE-2018-2562,,,,,,,,,,,
CVE-2018-2622,,,,,,,,,,,
CVE-2018-2622,,,,,,,,,,,
CVE-2018-2640,,,,,,,,,,,
CVE-2018-2640,,,,,,,,,,,
CVE-2018-2665,,,,,,,,,,,
CVE-2018-2665,,,,,,,,,,,
CVE-2018-2668,,,,,,,,,,,
CVE-2018-2668,,,,,,,,,,,
CVE-2018-2755,,,,,,,,,,,
CVE-2018-2755,,,,,,,,,,,
CVE-2018-2761,,,,,,,,,,,
CVE-2018-2761,,,,,,,,,,,
CVE-2018-2767,,,,,,,,,,,
CVE-2018-2767,,,,,,,,,,,
CVE-2018-2771,,,,,,,,,,,
CVE-2018-2771,,,,,,,,,,,
CVE-2018-2773,,,,,,,,,,,
CVE-2018-2773,,,,,,,,,,,
CVE-2018-2781,,,,,,,,,,,
CVE-2018-2781,,,,,,,,,,,
CVE-2018-2813,,,,,,,,,,,
CVE-2018-2813,,,,,,,,,,,
CVE-2018-2817,,,,,,,,,,,
CVE-2018-2817,,,,,,,,,,,
CVE-2018-2818,,,,,,,,,,,
CVE-2018-2818,,,,,,,,,,,
CVE-2018-2819,,,,,,,,,,,
CVE-2018-2819,,,,,,,,,,,
CVE-2018-3639,,,,,,,,,,,
CVE-2018-3665,,,,,,,,,,,
CVE-2018-5146,,,,,,,,,,,
CVE-2018-5146,,,,,,,,,,,
CVE-2018-5332,,,,,,,,,,,
CVE-2018-5333,,,,,,,,,,,
CVE-2018-5344,,,,,,,,,,,
CVE-2018-5360,,,,,,,,,,,
CVE-2018-5732,,,,,,,,,,,
CVE-2018-5732,,,,,,,,,,,
CVE-2018-5733,,,,,,,,,,,
CVE-2018-5733,,,,,,,,,,,
CVE-2018-5750,,,,,,,,,,,
CVE-2018-5784,,,,,,,,,,,
CVE-2018-5803,,,,,,,,,,,
CVE-2018-5814,,,,,,,,,,,
CVE-2018-6323,,,,,,,,,,,
CVE-2018-6485,,,,,,,,,,,
CVE-2018-6485,,,,,,,,,,,
CVE-2018-6485,,,,,,,,,,,
CVE-2018-6485,,,,,,,,,,,
CVE-2018-6485,,,,,,,,,,,
CVE-2018-6759,,,,,,,,,,,
CVE-2018-6913,,,,,,,,,,,
CVE-2018-6913,,,,,,,,,,,
CVE-2018-6913,,,,,,,,,,,
CVE-2018-6927,,,,,,,,,,,
CVE-2018-7169,,,,,,,,,,,
CVE-2018-7169,,,,,,,,,,,
CVE-2018-7170,,,,,,,,,,,
CVE-2018-7182,,,,,,,,,,,
CVE-2018-7183,,,,,,,,,,,
CVE-2018-7184,,,,,,,,,,,
CVE-2018-7185,,,,,,,,,,,
CVE-2018-7273,,,,,,,,,,,
CVE-2018-7456,,,,,,,,,,,
CVE-2018-7492,,,,,,,,,,,
CVE-2018-7566,,,,,,,,,,,
CVE-2018-7740,,,,,,,,,,,
CVE-2018-7755,,,,,,,,,,,
CVE-2018-7757,,,,,,,,,,,
CVE-2018-7995,,,,,,,,,,,
CVE-2018-7999,,,,,,,,,,,
CVE-2018-8740,,,,,,,,,,,
CVE-2018-8781,,,,,,,,,,,
CVE-2018-8822,,,,,,,,,,,
CVE-2018-8897,,,,,,,,,,,
CVE-2018-8905,,,,,,,,,,,
CVE-2018-9055,,,,,,,,,,,
CVE-2018-9154,,,,,,,,,,,
CVE-2018-9252,,,,,,,,,,,